{"stats":{"minecraft:crafted":{"minecraft:oak_planks":24,"minecraft:iron_chestplate":1},"minecraft:killed":{"minecraft:spider":1,"minecraft:skeleton":7,"minecraft:zombie":6},"minecraft:dropped":{"minecraft:wheat_seeds":3,"minecraft:lapis_lazuli":43,"minecraft:raw_copper":9,"minecraft:diamond":12,"minecraft:obsidian":7,"minecraft:raw_iron":20,"minecraft:rotten_flesh":4,"minecraft:black_bed":3,"minecraft:coal":16,"minecraft:dirt":1,"minecraft:andesite":1,"minecraft:spruce_log":378,"minecraft:raw_gold":8,"minecraft:spruce_sapling":1,"minecraft:redstone":122},"minecraft:used":{"minecraft:water_bucket":1,"minecraft:shield":23,"minecraft:diamond_axe":6,"minecraft:torch":21,"minecraft:carrot":394,"minecraft:tuff":3,"minecraft:diamond_pickaxe":213,"minecraft:iron_axe":402,"minecraft:bread":22,"minecraft:spruce_sapling":19,"minecraft:diamond_sword":43,"minecraft:cobblestone":2,"minecraft:bucket":1,"minecraft:cobbled_deepslate":55},"minecraft:picked_up":{"minecraft:iron_chestplate":2,"minecraft:water_bucket":1,"minecraft:andesite":1,"minecraft:black_bed":3,"minecraft:diamond_sword":2,"minecraft:tuff":3,"minecraft:oak_log":6,"minecraft:shield":2,"minecraft:lapis_lazuli":47,"minecraft:dirt":1,"minecraft:string":2,"minecraft:raw_copper":18,"minecraft:iron_axe":3,"minecraft:iron_leggings":1,"minecraft:iron_shovel":2,"minecraft:bone":12,"minecraft:wheat_seeds":3,"minecraft:diamond_leggings":2,"minecraft:cobbled_deepslate":64,"minecraft:raw_gold":15,"minecraft:bucket":1,"minecraft:iron_pickaxe":3,"minecraft:diamond_helmet":2,"minecraft:oak_planks":24,"minecraft:iron_boots":1,"minecraft:stick":30,"minecraft:raw_iron":22,"minecraft:torch":23,"minecraft:spruce_sapling":20,"minecraft:spruce_log":378,"minecraft:carrot":1138,"minecraft:redstone":236,"minecraft:spider_eye":1,"minecraft:rotten_flesh":7,"minecraft:arrow":8,"minecraft:diamond_chestplate":2,"minecraft:diamond":24,"minecraft:shears":3,"minecraft:diamond_boots":2,"minecraft:iron_helmet":1,"minecraft:diamond_axe":2,"minecraft:bread":66,"minecraft:obsidian":14,"minecraft:coal":16,"minecraft:cobblestone":55,"minecraft:diamond_pickaxe":2},"minecraft:broken":{"minecraft:iron_axe":1},"minecraft:killed_by":{"minecraft:creeper":1},"minecraft:custom":{"minecraft:interact_with_furnace":1,"minecraft:mob_kills":14,"minecraft:leave_game":7,"minecraft:time_since_death":16283,"minecraft:sleep_in_bed":1,"minecraft:climb_one_cm":805,"minecraft:time_since_rest":16343,"minecraft:sprint_one_cm":265210,"minecraft:damage_taken":1142,"minecraft:walk_one_cm":230662,"minecraft:damage_blocked_by_shield":1335,"minecraft:drop":27,"minecraft:damage_dealt":2592,"minecraft:swim_one_cm":5769,"minecraft:talked_to_villager":1,"minecraft:fly_one_cm":125732,"minecraft:open_chest":20,"minecraft:crouch_one_cm":2862,"minecraft:play_time":75025,"minecraft:sneak_time":1285,"minecraft:deaths":1,"minecraft:walk_under_water_one_cm":1509,"minecraft:boat_one_cm":52246,"minecraft:jump":933,"minecraft:walk_on_water_one_cm":14155,"minecraft:total_world_time":75025,"minecraft:fall_one_cm":27040},"minecraft:mined":{"minecraft:deepslate_redstone_ore":27,"minecraft:tuff":3,"minecraft:deepslate_diamond_ore":12,"minecraft:obsidian":7,"minecraft:torch":4,"minecraft:short_grass":15,"minecraft:grass_block":1,"minecraft:spruce_leaves":10,"minecraft:lapis_ore":1,"minecraft:deepslate_gold_ore":7,"minecraft:wall_torch":1,"minecraft:deepslate_copper_ore":2,"minecraft:carrots":393,"minecraft:iron_ore":15,"minecraft:cobbled_deepslate":5,"minecraft:spruce_log":377,"minecraft:andesite":1,"minecraft:deepslate_lapis_ore":6,"minecraft:oak_log":6,"minecraft:coal_ore":16,"minecraft:deepslate_iron_ore":5,"minecraft:stone":55,"minecraft:deepslate":51}},"DataVersion":3700}