{"stats":{"minecraft:crafted":{"minecraft:oak_planks":44,"minecraft:cobblestone_slab":84,"minecraft:crafting_table":2,"minecraft:oak_boat":1,"minecraft:oak_fence_gate":4,"minecraft:iron_chestplate":1,"minecraft:stick":8,"minecraft:torch":28},"minecraft:killed":{"minecraft:spider":3,"minecraft:creeper":1,"minecraft:skeleton":9,"minecraft:zombie":11},"minecraft:dropped":{"minecraft:wheat_seeds":3,"minecraft:birch_leaves":82,"minecraft:lapis_lazuli":43,"minecraft:raw_copper":9,"minecraft:diamond":12,"minecraft:obsidian":7,"minecraft:raw_iron":20,"minecraft:cobblestone":5,"minecraft:rotten_flesh":4,"minecraft:black_bed":3,"minecraft:shears":3,"minecraft:coal":16,"minecraft:diamond_sword":1,"minecraft:dirt":1,"minecraft:andesite":1,"minecraft:spruce_log":378,"minecraft:raw_gold":8,"minecraft:oak_leaves":212,"minecraft:spruce_sapling":1,"minecraft:redstone":122},"minecraft:used":{"minecraft:water_bucket":7,"minecraft:iron_shovel":809,"minecraft:birch_leaves":64,"minecraft:oak_planks":26,"minecraft:shield":30,"minecraft:diamond_axe":7,"minecraft:cobblestone_slab":83,"minecraft:oak_leaves":68,"minecraft:torch":26,"minecraft:dirt":458,"minecraft:crafting_table":3,"minecraft:white_bed":3,"minecraft:carrot":394,"minecraft:tuff":3,"minecraft:shears":113,"minecraft:oak_fence_gate":4,"minecraft:diamond_pickaxe":288,"minecraft:iron_axe":448,"minecraft:bread":32,"minecraft:spruce_sapling":19,"minecraft:diamond_sword":56,"minecraft:cobblestone":210,"minecraft:bucket":8,"minecraft:oak_boat":1,"minecraft:cobbled_deepslate":55},"minecraft:picked_up":{"minecraft:crafting_table":1,"minecraft:iron_chestplate":2,"minecraft:birch_leaves":146,"minecraft:water_bucket":1,"minecraft:andesite":1,"minecraft:black_bed":3,"minecraft:diamond_sword":3,"minecraft:tuff":3,"minecraft:oak_log":11,"minecraft:shield":2,"minecraft:gunpowder":1,"minecraft:lapis_lazuli":47,"minecraft:string":2,"minecraft:dirt":797,"minecraft:raw_copper":18,"minecraft:iron_axe":3,"minecraft:iron_leggings":1,"minecraft:iron_shovel":4,"minecraft:bone":18,"minecraft:wheat_seeds":22,"minecraft:diamond_leggings":2,"minecraft:cobbled_deepslate":64,"minecraft:raw_gold":15,"minecraft:bucket":1,"minecraft:cobblestone_slab":15,"minecraft:iron_pickaxe":3,"minecraft:diamond_helmet":2,"minecraft:oak_planks":50,"minecraft:iron_boots":1,"minecraft:egg":1,"minecraft:golden_helmet":1,"minecraft:stick":30,"minecraft:raw_iron":22,"minecraft:torch":23,"minecraft:spruce_sapling":20,"minecraft:white_bed":3,"minecraft:carrot":1138,"minecraft:spruce_log":378,"minecraft:redstone":236,"minecraft:spider_eye":1,"minecraft:rotten_flesh":9,"minecraft:arrow":10,"minecraft:diamond_chestplate":2,"minecraft:diamond":24,"minecraft:shears":4,"minecraft:diamond_boots":2,"minecraft:iron_helmet":1,"minecraft:diamond_axe":2,"minecraft:bread":75,"minecraft:obsidian":16,"minecraft:coal":16,"minecraft:oak_leaves":268,"minecraft:cobblestone":368,"minecraft:diamond_pickaxe":2},"minecraft:broken":{"minecraft:iron_shovel":3,"minecraft:iron_axe":1},"minecraft:killed_by":{"minecraft:creeper":1},"minecraft:custom":{"minecraft:interact_with_furnace":4,"minecraft:mob_kills":24,"minecraft:interact_with_crafting_table":4,"minecraft:leave_game":14,"minecraft:time_since_death":0,"minecraft:sleep_in_bed":1,"minecraft:climb_one_cm":805,"minecraft:time_since_rest":162,"minecraft:sprint_one_cm":403414,"minecraft:damage_taken":1566,"minecraft:walk_one_cm":472955,"minecraft:damage_blocked_by_shield":1755,"minecraft:drop":42,"minecraft:damage_dealt":4201,"minecraft:swim_one_cm":21783,"minecraft:talked_to_villager":1,"minecraft:fly_one_cm":245283,"minecraft:open_chest":20,"minecraft:play_time":134168,"minecraft:crouch_one_cm":11227,"minecraft:sneak_time":4537,"minecraft:deaths":2,"minecraft:walk_under_water_one_cm":7454,"minecraft:boat_one_cm":55854,"minecraft:jump":1608,"minecraft:walk_on_water_one_cm":20197,"minecraft:total_world_time":134168,"minecraft:use_cauldron":1,"minecraft:fall_one_cm":41995},"minecraft:mined":{"minecraft:deepslate_redstone_ore":27,"minecraft:tuff":3,"minecraft:deepslate_diamond_ore":12,"minecraft:crafting_table":1,"minecraft:obsidian":9,"minecraft:torch":5,"minecraft:short_grass":59,"minecraft:grass_block":721,"minecraft:tall_grass":10,"minecraft:cobblestone":37,"minecraft:spruce_leaves":10,"minecraft:lapis_ore":1,"minecraft:deepslate_gold_ore":7,"minecraft:oak_planks":26,"minecraft:wall_torch":1,"minecraft:deepslate_copper_ore":2,"minecraft:carrots":393,"minecraft:iron_ore":15,"minecraft:cobbled_deepslate":5,"minecraft:spruce_log":377,"minecraft:birch_leaves":2,"minecraft:andesite":1,"minecraft:deepslate_lapis_ore":6,"minecraft:oak_log":11,"minecraft:coal_ore":16,"minecraft:cobblestone_slab":15,"minecraft:deepslate_iron_ore":5,"minecraft:dirt":90,"minecraft:stone":75,"minecraft:oak_leaves":115,"minecraft:deepslate":51}},"DataVersion":3700}