{"stats":{"minecraft:crafted":{"minecraft:iron_chestplate":1},"minecraft:killed":{"minecraft:zombie":1},"minecraft:dropped":{"minecraft:rotten_flesh":2,"minecraft:spruce_log":378,"minecraft:black_bed":3,"minecraft:spruce_sapling":1},"minecraft:used":{"minecraft:iron_axe":401,"minecraft:bread":4,"minecraft:spruce_sapling":19,"minecraft:torch":5},"minecraft:picked_up":{"minecraft:stick":15,"minecraft:iron_chestplate":2,"minecraft:black_bed":3,"minecraft:torch":21,"minecraft:spruce_sapling":20,"minecraft:spruce_log":378,"minecraft:shield":1,"minecraft:dirt":1,"minecraft:iron_axe":2,"minecraft:iron_leggings":1,"minecraft:rotten_flesh":2,"minecraft:diamond_chestplate":1,"minecraft:diamond_leggings":1,"minecraft:wheat_seeds":3,"minecraft:diamond_boots":1,"minecraft:iron_helmet":1,"minecraft:bread":14,"minecraft:iron_boots":1},"minecraft:broken":{"minecraft:iron_axe":1},"minecraft:custom":{"minecraft:time_since_rest":20649,"minecraft:sprint_one_cm":79217,"minecraft:damage_taken":76,"minecraft:walk_one_cm":81619,"minecraft:mob_kills":1,"minecraft:drop":13,"minecraft:damage_dealt":84,"minecraft:talked_to_villager":1,"minecraft:fly_one_cm":28335,"minecraft:open_chest":12,"minecraft:crouch_one_cm":709,"minecraft:play_time":29046,"minecraft:sneak_time":157,"minecraft:boat_one_cm":30651,"minecraft:jump":242,"minecraft:leave_game":3,"minecraft:walk_on_water_one_cm":9,"minecraft:time_since_death":29046,"minecraft:sleep_in_bed":1,"minecraft:climb_one_cm":390,"minecraft:total_world_time":29046,"minecraft:fall_one_cm":7155},"minecraft:mined":{"minecraft:spruce_log":377,"minecraft:torch":3,"minecraft:short_grass":15,"minecraft:grass_block":1,"minecraft:spruce_leaves":10,"minecraft:wall_torch":1}},"DataVersion":3700}