{"stats":{"minecraft:crafted":{"minecraft:oak_planks":24,"minecraft:iron_chestplate":1},"minecraft:killed":{"minecraft:skeleton":2,"minecraft:zombie":5},"minecraft:used":{"minecraft:shield":4,"minecraft:diamond_axe":6,"minecraft:torch":21,"minecraft:carrot":394,"minecraft:tuff":3,"minecraft:diamond_pickaxe":115,"minecraft:iron_axe":402,"minecraft:bread":16,"minecraft:spruce_sapling":19,"minecraft:diamond_sword":18,"minecraft:bucket":1,"minecraft:cobbled_deepslate":35},"minecraft:dropped":{"minecraft:wheat_seeds":3,"minecraft:rotten_flesh":4,"minecraft:black_bed":3,"minecraft:dirt":1,"minecraft:spruce_log":378,"minecraft:spruce_sapling":1},"minecraft:picked_up":{"minecraft:iron_chestplate":2,"minecraft:water_bucket":1,"minecraft:black_bed":3,"minecraft:diamond_sword":2,"minecraft:tuff":3,"minecraft:oak_log":6,"minecraft:shield":2,"minecraft:lapis_lazuli":42,"minecraft:dirt":1,"minecraft:raw_copper":18,"minecraft:iron_axe":3,"minecraft:iron_leggings":1,"minecraft:bone":8,"minecraft:wheat_seeds":3,"minecraft:diamond_leggings":2,"minecraft:cobbled_deepslate":57,"minecraft:raw_gold":14,"minecraft:bucket":1,"minecraft:iron_pickaxe":3,"minecraft:diamond_helmet":2,"minecraft:oak_planks":24,"minecraft:iron_boots":1,"minecraft:raw_iron":7,"minecraft:stick":30,"minecraft:torch":23,"minecraft:spruce_sapling":20,"minecraft:spruce_log":378,"minecraft:carrot":1138,"minecraft:redstone":228,"minecraft:diamond_chestplate":2,"minecraft:arrow":4,"minecraft:rotten_flesh":6,"minecraft:diamond":24,"minecraft:diamond_boots":2,"minecraft:iron_helmet":1,"minecraft:diamond_axe":2,"minecraft:bread":66,"minecraft:obsidian":14,"minecraft:diamond_pickaxe":2},"minecraft:broken":{"minecraft:iron_axe":1},"minecraft:killed_by":{"minecraft:creeper":1},"minecraft:custom":{"minecraft:interact_with_furnace":1,"minecraft:mob_kills":7,"minecraft:leave_game":6,"minecraft:time_since_death":4715,"minecraft:sleep_in_bed":1,"minecraft:climb_one_cm":805,"minecraft:time_since_rest":4775,"minecraft:sprint_one_cm":230761,"minecraft:damage_taken":924,"minecraft:walk_one_cm":196715,"minecraft:damage_blocked_by_shield":120,"minecraft:drop":17,"minecraft:damage_dealt":1273,"minecraft:swim_one_cm":1845,"minecraft:talked_to_villager":1,"minecraft:fly_one_cm":96793,"minecraft:open_chest":19,"minecraft:crouch_one_cm":2616,"minecraft:play_time":63457,"minecraft:deaths":1,"minecraft:sneak_time":992,"minecraft:walk_under_water_one_cm":1422,"minecraft:boat_one_cm":52246,"minecraft:jump":751,"minecraft:walk_on_water_one_cm":13598,"minecraft:total_world_time":63457,"minecraft:fall_one_cm":20468},"minecraft:mined":{"minecraft:deepslate_redstone_ore":25,"minecraft:tuff":3,"minecraft:deepslate_diamond_ore":12,"minecraft:obsidian":7,"minecraft:torch":4,"minecraft:short_grass":15,"minecraft:grass_block":1,"minecraft:spruce_leaves":10,"minecraft:deepslate_gold_ore":7,"minecraft:wall_torch":1,"minecraft:deepslate_copper_ore":2,"minecraft:carrots":393,"minecraft:cobbled_deepslate":5,"minecraft:spruce_log":377,"minecraft:deepslate_lapis_ore":6,"minecraft:oak_log":6,"minecraft:deepslate_iron_ore":5,"minecraft:deepslate":43}},"DataVersion":3700}