{"stats":{"minecraft:crafted":{"minecraft:oak_planks":24,"minecraft:iron_chestplate":1},"minecraft:killed":{"minecraft:zombie":1},"minecraft:used":{"minecraft:diamond_pickaxe":52,"minecraft:iron_axe":402,"minecraft:bread":10,"minecraft:spruce_sapling":19,"minecraft:diamond_axe":6,"minecraft:torch":20,"minecraft:carrot":394,"minecraft:bucket":1,"minecraft:cobbled_deepslate":15},"minecraft:dropped":{"minecraft:dirt":1,"minecraft:wheat_seeds":3,"minecraft:rotten_flesh":2,"minecraft:spruce_log":378,"minecraft:black_bed":3,"minecraft:spruce_sapling":1},"minecraft:picked_up":{"minecraft:raw_iron":2,"minecraft:stick":15,"minecraft:iron_chestplate":2,"minecraft:black_bed":3,"minecraft:torch":21,"minecraft:diamond_sword":1,"minecraft:tuff":3,"minecraft:oak_log":6,"minecraft:spruce_sapling":20,"minecraft:spruce_log":378,"minecraft:shield":1,"minecraft:carrot":1138,"minecraft:redstone":30,"minecraft:lapis_lazuli":4,"minecraft:dirt":1,"minecraft:raw_copper":9,"minecraft:iron_axe":2,"minecraft:iron_leggings":1,"minecraft:rotten_flesh":2,"minecraft:diamond_chestplate":1,"minecraft:diamond":6,"minecraft:diamond_leggings":1,"minecraft:wheat_seeds":3,"minecraft:raw_gold":6,"minecraft:cobbled_deepslate":25,"minecraft:bucket":1,"minecraft:diamond_boots":1,"minecraft:iron_helmet":1,"minecraft:diamond_axe":1,"minecraft:bread":40,"minecraft:diamond_helmet":1,"minecraft:iron_boots":1,"minecraft:diamond_pickaxe":1},"minecraft:broken":{"minecraft:iron_axe":1},"minecraft:custom":{"minecraft:time_since_rest":43820,"minecraft:interact_with_furnace":1,"minecraft:sprint_one_cm":170877,"minecraft:damage_taken":350,"minecraft:walk_one_cm":175870,"minecraft:mob_kills":1,"minecraft:drop":15,"minecraft:damage_dealt":174,"minecraft:swim_one_cm":1845,"minecraft:talked_to_villager":1,"minecraft:fly_one_cm":73099,"minecraft:open_chest":19,"minecraft:crouch_one_cm":1172,"minecraft:play_time":52217,"minecraft:sneak_time":588,"minecraft:walk_under_water_one_cm":1422,"minecraft:boat_one_cm":52246,"minecraft:jump":550,"minecraft:leave_game":5,"minecraft:time_since_death":52217,"minecraft:walk_on_water_one_cm":12616,"minecraft:sleep_in_bed":1,"minecraft:total_world_time":52217,"minecraft:climb_one_cm":805,"minecraft:fall_one_cm":16355},"minecraft:mined":{"minecraft:deepslate_redstone_ore":7,"minecraft:tuff":3,"minecraft:carrots":393,"minecraft:deepslate_diamond_ore":6,"minecraft:cobbled_deepslate":5,"minecraft:spruce_log":377,"minecraft:deepslate_lapis_ore":1,"minecraft:torch":3,"minecraft:short_grass":15,"minecraft:oak_log":6,"minecraft:grass_block":1,"minecraft:deepslate_iron_ore":2,"minecraft:spruce_leaves":10,"minecraft:deepslate_gold_ore":6,"minecraft:deepslate":20,"minecraft:wall_torch":1,"minecraft:deepslate_copper_ore":2}},"DataVersion":3700}