{"stats":{"minecraft:crafted":{"minecraft:oak_planks":44,"minecraft:cobblestone_slab":492,"minecraft:crafting_table":2,"minecraft:oak_fence_gate":4,"minecraft:oak_boat":1,"minecraft:iron_chestplate":1,"minecraft:stick":8,"minecraft:torch":28},"minecraft:killed":{"minecraft:spider":4,"minecraft:creeper":1,"minecraft:skeleton":10,"minecraft:zombie":13},"minecraft:dropped":{"minecraft:wheat_seeds":3,"minecraft:birch_leaves":82,"minecraft:lapis_lazuli":43,"minecraft:raw_copper":9,"minecraft:diamond":12,"minecraft:obsidian":7,"minecraft:raw_iron":20,"minecraft:cobblestone":5,"minecraft:rotten_flesh":4,"minecraft:black_bed":3,"minecraft:shears":3,"minecraft:coal":16,"minecraft:diamond_sword":1,"minecraft:dirt":1,"minecraft:andesite":1,"minecraft:spruce_log":378,"minecraft:raw_gold":8,"minecraft:oak_leaves":212,"minecraft:bucket":1,"minecraft:spruce_sapling":1,"minecraft:redstone":122},"minecraft:used":{"minecraft:water_bucket":7,"minecraft:diorite":11,"minecraft:iron_shovel":809,"minecraft:birch_leaves":64,"minecraft:oak_planks":26,"minecraft:shield":32,"minecraft:cobblestone_slab":287,"minecraft:diamond_axe":7,"minecraft:oak_leaves":68,"minecraft:torch":45,"minecraft:dirt":520,"minecraft:crafting_table":4,"minecraft:white_bed":3,"minecraft:carrot":394,"minecraft:tuff":3,"minecraft:shears":113,"minecraft:oak_fence_gate":4,"minecraft:diamond_pickaxe":380,"minecraft:iron_axe":458,"minecraft:bread":35,"minecraft:iron_pickaxe":40,"minecraft:spruce_sapling":19,"minecraft:diamond_sword":59,"minecraft:cobblestone":210,"minecraft:bucket":8,"minecraft:oak_boat":1,"minecraft:cobbled_deepslate":55},"minecraft:picked_up":{"minecraft:crafting_table":2,"minecraft:iron_chestplate":2,"minecraft:birch_leaves":146,"minecraft:water_bucket":1,"minecraft:andesite":1,"minecraft:black_bed":3,"minecraft:diamond_sword":4,"minecraft:tuff":3,"minecraft:oak_log":11,"minecraft:golden_boots":1,"minecraft:shield":3,"minecraft:gunpowder":2,"minecraft:lapis_lazuli":47,"minecraft:string":3,"minecraft:dirt":1147,"minecraft:raw_copper":22,"minecraft:iron_axe":4,"minecraft:iron_leggings":1,"minecraft:iron_shovel":4,"minecraft:bone":20,"minecraft:wheat_seeds":41,"minecraft:diamond_leggings":3,"minecraft:cobbled_deepslate":64,"minecraft:raw_gold":15,"minecraft:bucket":2,"minecraft:cobblestone_slab":35,"minecraft:iron_pickaxe":7,"minecraft:diamond_helmet":3,"minecraft:oak_planks":50,"minecraft:iron_boots":1,"minecraft:egg":2,"minecraft:golden_helmet":1,"minecraft:stick":30,"minecraft:raw_iron":22,"minecraft:torch":53,"minecraft:lava_bucket":1,"minecraft:spruce_sapling":20,"minecraft:diorite":20,"minecraft:white_bed":3,"minecraft:spruce_log":378,"minecraft:carrot":1138,"minecraft:redstone":236,"minecraft:spider_eye":1,"minecraft:arrow":10,"minecraft:rotten_flesh":12,"minecraft:diamond_chestplate":3,"minecraft:diamond":24,"minecraft:shears":5,"minecraft:diamond_boots":3,"minecraft:iron_helmet":1,"minecraft:diamond_axe":3,"minecraft:bread":89,"minecraft:obsidian":16,"minecraft:coal":17,"minecraft:oak_leaves":268,"minecraft:cobblestone":574,"minecraft:diamond_pickaxe":3},"minecraft:broken":{"minecraft:iron_shovel":3,"minecraft:iron_axe":1},"minecraft:killed_by":{"minecraft:creeper":1},"minecraft:custom":{"minecraft:interact_with_furnace":4,"minecraft:mob_kills":29,"minecraft:interact_with_crafting_table":8,"minecraft:leave_game":15,"minecraft:time_since_death":21669,"minecraft:sleep_in_bed":1,"minecraft:climb_one_cm":4342,"minecraft:time_since_rest":21892,"minecraft:sprint_one_cm":440383,"minecraft:damage_taken":1781,"minecraft:walk_one_cm":527313,"minecraft:damage_blocked_by_shield":2018,"minecraft:drop":43,"minecraft:damage_dealt":5009,"minecraft:swim_one_cm":22291,"minecraft:talked_to_villager":1,"minecraft:fly_one_cm":264293,"minecraft:open_chest":20,"minecraft:play_time":155898,"minecraft:crouch_one_cm":11653,"minecraft:sneak_time":4772,"minecraft:deaths":2,"minecraft:walk_under_water_one_cm":10720,"minecraft:boat_one_cm":55854,"minecraft:jump":1813,"minecraft:walk_on_water_one_cm":27153,"minecraft:total_world_time":155898,"minecraft:fall_one_cm":43964,"minecraft:use_cauldron":1},"minecraft:mined":{"minecraft:deepslate_redstone_ore":27,"minecraft:tuff":3,"minecraft:deepslate_diamond_ore":12,"minecraft:obsidian":9,"minecraft:crafting_table":2,"minecraft:torch":8,"minecraft:short_grass":60,"minecraft:grass_block":722,"minecraft:copper_ore":1,"minecraft:tall_grass":10,"minecraft:cobblestone":40,"minecraft:spruce_leaves":10,"minecraft:deepslate_gold_ore":7,"minecraft:lapis_ore":1,"minecraft:oak_planks":26,"minecraft:diorite":25,"minecraft:wall_torch":3,"minecraft:deepslate_copper_ore":2,"minecraft:carrots":393,"minecraft:iron_ore":15,"minecraft:cobbled_deepslate":5,"minecraft:spruce_log":377,"minecraft:birch_leaves":2,"minecraft:andesite":1,"minecraft:deepslate_lapis_ore":6,"minecraft:coal_ore":17,"minecraft:oak_log":11,"minecraft:cobblestone_slab":18,"minecraft:deepslate_iron_ore":5,"minecraft:dirt":101,"minecraft:stone":173,"minecraft:oak_leaves":115,"minecraft:deepslate":51}},"DataVersion":3700}