{"stats":{"minecraft:crafted":{"minecraft:iron_chestplate":1},"minecraft:used":{"minecraft:iron_axe":176,"minecraft:bread":1,"minecraft:spruce_sapling":8},"minecraft:dropped":{"minecraft:black_bed":3},"minecraft:picked_up":{"minecraft:iron_axe":2,"minecraft:stick":7,"minecraft:iron_chestplate":2,"minecraft:iron_leggings":1,"minecraft:diamond_chestplate":1,"minecraft:black_bed":3,"minecraft:diamond_leggings":1,"minecraft:diamond_boots":1,"minecraft:iron_helmet":1,"minecraft:spruce_sapling":10,"minecraft:spruce_log":167,"minecraft:bread":14,"minecraft:shield":1,"minecraft:iron_boots":1},"minecraft:custom":{"minecraft:open_chest":12,"minecraft:time_since_rest":9445,"minecraft:crouch_one_cm":709,"minecraft:play_time":17842,"minecraft:sprint_one_cm":33101,"minecraft:damage_taken":19,"minecraft:walk_one_cm":42117,"minecraft:sneak_time":134,"minecraft:drop":3,"minecraft:boat_one_cm":30651,"minecraft:jump":114,"minecraft:leave_game":2,"minecraft:time_since_death":17842,"minecraft:walk_on_water_one_cm":9,"minecraft:sleep_in_bed":1,"minecraft:total_world_time":17842,"minecraft:climb_one_cm":390,"minecraft:fall_one_cm":3777,"minecraft:fly_one_cm":12570},"minecraft:mined":{"minecraft:short_grass":4,"minecraft:spruce_leaves":9,"minecraft:spruce_log":166}},"DataVersion":3700}