{"stats":{"minecraft:crafted":{"minecraft:oak_planks":24,"minecraft:iron_chestplate":1},"minecraft:killed":{"minecraft:spider":1,"minecraft:skeleton":8,"minecraft:zombie":11},"minecraft:dropped":{"minecraft:wheat_seeds":3,"minecraft:lapis_lazuli":43,"minecraft:raw_copper":9,"minecraft:diamond":12,"minecraft:obsidian":7,"minecraft:raw_iron":20,"minecraft:rotten_flesh":4,"minecraft:cobblestone":5,"minecraft:black_bed":3,"minecraft:coal":16,"minecraft:dirt":1,"minecraft:andesite":1,"minecraft:spruce_log":378,"minecraft:raw_gold":8,"minecraft:spruce_sapling":1,"minecraft:redstone":122},"minecraft:used":{"minecraft:water_bucket":1,"minecraft:iron_shovel":318,"minecraft:shield":30,"minecraft:diamond_axe":6,"minecraft:torch":21,"minecraft:dirt":16,"minecraft:carrot":394,"minecraft:tuff":3,"minecraft:diamond_pickaxe":218,"minecraft:iron_axe":417,"minecraft:bread":26,"minecraft:spruce_sapling":19,"minecraft:diamond_sword":44,"minecraft:cobblestone":50,"minecraft:bucket":1,"minecraft:cobbled_deepslate":55},"minecraft:picked_up":{"minecraft:iron_chestplate":2,"minecraft:water_bucket":1,"minecraft:andesite":1,"minecraft:black_bed":3,"minecraft:diamond_sword":2,"minecraft:tuff":3,"minecraft:oak_log":6,"minecraft:shield":2,"minecraft:lapis_lazuli":47,"minecraft:dirt":298,"minecraft:string":2,"minecraft:raw_copper":18,"minecraft:iron_axe":3,"minecraft:iron_leggings":1,"minecraft:iron_shovel":2,"minecraft:bone":14,"minecraft:wheat_seeds":12,"minecraft:diamond_leggings":2,"minecraft:cobbled_deepslate":64,"minecraft:raw_gold":15,"minecraft:bucket":1,"minecraft:iron_pickaxe":3,"minecraft:diamond_helmet":2,"minecraft:oak_planks":24,"minecraft:iron_boots":1,"minecraft:golden_helmet":1,"minecraft:stick":30,"minecraft:raw_iron":22,"minecraft:torch":23,"minecraft:spruce_sapling":20,"minecraft:spruce_log":378,"minecraft:carrot":1138,"minecraft:redstone":236,"minecraft:spider_eye":1,"minecraft:rotten_flesh":9,"minecraft:arrow":8,"minecraft:diamond_chestplate":2,"minecraft:diamond":24,"minecraft:shears":3,"minecraft:diamond_boots":2,"minecraft:iron_helmet":1,"minecraft:diamond_axe":2,"minecraft:bread":66,"minecraft:obsidian":14,"minecraft:coal":16,"minecraft:cobblestone":62,"minecraft:diamond_pickaxe":2},"minecraft:broken":{"minecraft:iron_shovel":1,"minecraft:iron_axe":1},"minecraft:killed_by":{"minecraft:creeper":1},"minecraft:custom":{"minecraft:interact_with_furnace":1,"minecraft:mob_kills":20,"minecraft:leave_game":9,"minecraft:time_since_death":27091,"minecraft:sleep_in_bed":1,"minecraft:climb_one_cm":805,"minecraft:time_since_rest":27151,"minecraft:sprint_one_cm":286015,"minecraft:damage_taken":1308,"minecraft:walk_one_cm":277478,"minecraft:damage_blocked_by_shield":1755,"minecraft:drop":32,"minecraft:damage_dealt":3481,"minecraft:swim_one_cm":12703,"minecraft:talked_to_villager":1,"minecraft:fly_one_cm":146490,"minecraft:open_chest":20,"minecraft:crouch_one_cm":4972,"minecraft:play_time":85833,"minecraft:sneak_time":2664,"minecraft:deaths":1,"minecraft:walk_under_water_one_cm":3299,"minecraft:boat_one_cm":52246,"minecraft:jump":1072,"minecraft:walk_on_water_one_cm":15100,"minecraft:total_world_time":85833,"minecraft:fall_one_cm":29865},"minecraft:mined":{"minecraft:deepslate_redstone_ore":27,"minecraft:tuff":3,"minecraft:deepslate_diamond_ore":12,"minecraft:obsidian":7,"minecraft:torch":4,"minecraft:short_grass":24,"minecraft:grass_block":309,"minecraft:cobblestone":5,"minecraft:spruce_leaves":10,"minecraft:lapis_ore":1,"minecraft:deepslate_gold_ore":7,"minecraft:wall_torch":1,"minecraft:deepslate_copper_ore":2,"minecraft:carrots":393,"minecraft:iron_ore":15,"minecraft:cobbled_deepslate":5,"minecraft:spruce_log":377,"minecraft:andesite":1,"minecraft:deepslate_lapis_ore":6,"minecraft:oak_log":6,"minecraft:coal_ore":16,"minecraft:deepslate_iron_ore":5,"minecraft:dirt":1,"minecraft:stone":55,"minecraft:deepslate":51}},"DataVersion":3700}