{"stats":{"minecraft:crafted":{"minecraft:iron_chestplate":1},"minecraft:used":{"minecraft:bread":1},"minecraft:dropped":{"minecraft:black_bed":1},"minecraft:picked_up":{"minecraft:iron_chestplate":2,"minecraft:iron_leggings":1,"minecraft:diamond_chestplate":1,"minecraft:black_bed":1,"minecraft:diamond_leggings":1,"minecraft:diamond_boots":1,"minecraft:iron_helmet":1,"minecraft:bread":14,"minecraft:shield":1,"minecraft:iron_boots":1},"minecraft:custom":{"minecraft:time_since_rest":7513,"minecraft:open_chest":8,"minecraft:crouch_one_cm":580,"minecraft:play_time":7513,"minecraft:sprint_one_cm":13010,"minecraft:damage_taken":10,"minecraft:walk_one_cm":22840,"minecraft:sneak_time":103,"minecraft:boat_one_cm":22726,"minecraft:drop":1,"minecraft:jump":29,"minecraft:leave_game":1,"minecraft:time_since_death":7513,"minecraft:climb_one_cm":390,"minecraft:total_world_time":7513,"minecraft:fall_one_cm":394,"minecraft:fly_one_cm":4912}},"DataVersion":3700}