{"stats":{"minecraft:crafted":{"minecraft:black_dye":9,"minecraft:oak_planks":152,"minecraft:cooked_chicken":1,"minecraft:cooked_mutton":25,"minecraft:glass":128,"minecraft:iron_boots":2,"minecraft:chest":8,"minecraft:stone_hoe":1,"minecraft:cooked_porkchop":31,"minecraft:crafting_table":5,"minecraft:spruce_planks":196,"minecraft:iron_helmet":1,"minecraft:wooden_pickaxe":1,"minecraft:birch_planks":8,"minecraft:iron_chestplate":1,"minecraft:shield":4,"minecraft:stick":96,"minecraft:iron_ingot":246,"minecraft:iron_pickaxe":4,"minecraft:stone_sword":1,"minecraft:shears":5,"minecraft:stone_shovel":1,"minecraft:furnace":1,"minecraft:bone_meal":57,"minecraft:glass_pane":64,"minecraft:iron_axe":8,"minecraft:ladder":27,"minecraft:iron_hoe":2,"minecraft:stone_pickaxe":2,"minecraft:redstone_block":35,"minecraft:wheat":711,"minecraft:cooked_cod":9,"minecraft:iron_sword":1,"minecraft:stone_axe":2,"minecraft:bread":377,"minecraft:air":0,"minecraft:black_stained_glass_pane":64,"minecraft:iron_shovel":10,"minecraft:iron_leggings":1,"minecraft:white_bed":6,"minecraft:torch":84},"minecraft:killed":{"minecraft:witch":1,"minecraft:spider":8,"minecraft:cod":9,"minecraft:skeleton":15,"minecraft:chicken":4,"minecraft:pig":23,"minecraft:sheep":19,"minecraft:zombie":37,"minecraft:cow":17,"minecraft:horse":2,"minecraft:squid":6},"minecraft:used":{"minecraft:iron_shovel":1632,"minecraft:ladder":20,"minecraft:poppy":1,"minecraft:chest":9,"minecraft:shield":80,"minecraft:iron_sword":136,"minecraft:bell":1,"minecraft:rotten_flesh":17,"minecraft:carrot":70,"minecraft:spruce_boat":2,"minecraft:lava_bucket":2,"minecraft:black_stained_glass_pane":60,"minecraft:hay_block":4,"minecraft:furnace":6,"minecraft:cooked_cod":4,"minecraft:egg":1,"minecraft:potato":14,"minecraft:diorite":5,"minecraft:birch_leaves":32,"minecraft:stone_pickaxe":140,"minecraft:wooden_pickaxe":24,"minecraft:diamond_axe":1806,"minecraft:sugar_cane":290,"minecraft:oak_leaves":472,"minecraft:sand":18,"minecraft:black_bed":2,"minecraft:shears":714,"minecraft:bread":123,"minecraft:gravel":24,"minecraft:diamond_sword":56,"minecraft:andesite":3,"minecraft:chain":1,"minecraft:bone_meal":57,"minecraft:stone_sword":3,"minecraft:stone_shovel":133,"minecraft:spruce_planks":1,"minecraft:stone_hoe":131,"minecraft:cooked_chicken":1,"minecraft:torch":189,"minecraft:dirt":1641,"minecraft:yellow_carpet":1,"minecraft:granite":65,"minecraft:iron_hoe":325,"minecraft:iron_axe":801,"minecraft:iron_boots":1,"minecraft:cobbled_deepslate":662,"minecraft:iron_leggings":1,"minecraft:wheat_seeds":475,"minecraft:cooked_mutton":20,"minecraft:water_bucket":97,"minecraft:crafting_table":11,"minecraft:white_bed":10,"minecraft:flower_pot":1,"minecraft:diamond_pickaxe":2386,"minecraft:apple":1,"minecraft:iron_pickaxe":1544,"minecraft:spruce_sapling":183,"minecraft:stone_axe":23,"minecraft:cobblestone":614,"minecraft:bucket":101,"minecraft:yellow_bed":2},"minecraft:dropped":{"minecraft:iron_sword":6,"minecraft:diamond_axe":1,"minecraft:oak_log":6,"minecraft:diamond":5,"minecraft:flint":1,"minecraft:dirt":266,"minecraft:black_stained_glass_pane":4,"minecraft:cornflower":1,"minecraft:cooked_cod":7,"minecraft:iron_pickaxe":6,"minecraft:stone_axe":1,"minecraft:sugar_cane":1,"minecraft:obsidian":1,"minecraft:pointed_dripstone":29,"minecraft:rotten_flesh":6,"minecraft:azure_bluet":2,"minecraft:white_bed":3,"minecraft:carrot":1,"minecraft:poppy":3,"minecraft:arrow":1,"minecraft:glass":102,"minecraft:oak_leaves":286,"minecraft:egg":4,"minecraft:iron_ingot":25,"minecraft:bread":156,"minecraft:black_dye":1,"minecraft:wheat_seeds":1,"minecraft:birch_leaves":144,"minecraft:iron_helmet":3,"minecraft:cobblestone":577,"minecraft:granite":6,"minecraft:coal":77,"minecraft:oxeye_daisy":1,"minecraft:lava_bucket":4,"minecraft:diorite":1,"minecraft:ink_sac":4,"minecraft:torch":37,"minecraft:rose_bush":1,"minecraft:iron_leggings":3,"minecraft:iron_axe":5,"minecraft:iron_shovel":6,"minecraft:string":2,"minecraft:bucket":1,"minecraft:spruce_sapling":1,"minecraft:dandelion":5,"minecraft:redstone":2,"minecraft:stone_sword":1,"minecraft:raw_iron":109,"minecraft:stone_shovel":1,"minecraft:iron_boots":3,"minecraft:iron_hoe":2,"minecraft:stone_slab":1,"minecraft:shears":4,"minecraft:diamond_sword":1,"minecraft:potato":229,"minecraft:hay_block":4,"minecraft:shield":3,"minecraft:spruce_planks":160,"minecraft:diamond_pickaxe":1,"minecraft:iron_chestplate":4,"minecraft:andesite":47,"minecraft:oak_sapling":5,"minecraft:spider_eye":4,"minecraft:spruce_log":2102,"minecraft:stone_pickaxe":3,"minecraft:wooden_pickaxe":1,"minecraft:bell":1},"minecraft:picked_up":{"minecraft:iron_chestplate":10,"minecraft:wheat":215,"minecraft:flower_pot":1,"minecraft:stone_slab":1,"minecraft:diamond_sword":2,"minecraft:string":17,"minecraft:raw_copper":13,"minecraft:iron_leggings":11,"minecraft:diamond_leggings":2,"minecraft:cobbled_deepslate":1476,"minecraft:bucket":4,"minecraft:spruce_planks":1,"minecraft:rose_bush":1,"minecraft:iron_pickaxe":26,"minecraft:furnace":9,"minecraft:iron_boots":9,"minecraft:golden_helmet":2,"minecraft:stick":123,"minecraft:torch":280,"minecraft:porkchop":51,"minecraft:pointed_dripstone":29,"minecraft:diorite":145,"minecraft:stone_sword":4,"minecraft:rotten_flesh":55,"minecraft:obsidian":12,"minecraft:cod":9,"minecraft:cobblestone":2310,"minecraft:birch_log":2,"minecraft:feather":33,"minecraft:cooked_beef":42,"minecraft:water_bucket":11,"minecraft:andesite":165,"minecraft:black_bed":2,"minecraft:smoker":1,"minecraft:potato":241,"minecraft:flint":6,"minecraft:tuff":35,"minecraft:lapis_lazuli":282,"minecraft:dirt":2084,"minecraft:bone":69,"minecraft:bow":1,"minecraft:wheat_seeds":788,"minecraft:raw_gold":158,"minecraft:bell":2,"minecraft:diamond_helmet":2,"minecraft:fletching_table":1,"minecraft:oak_planks":56,"minecraft:cooked_porkchop":4,"minecraft:sand":206,"minecraft:ink_sac":13,"minecraft:iron_hoe":2,"minecraft:yellow_carpet":1,"minecraft:diamond":22,"minecraft:spruce_boat":2,"minecraft:granite":80,"minecraft:bread":48,"minecraft:oak_sapling":6,"minecraft:diamond_pickaxe":3,"minecraft:oak_leaves":1053,"minecraft:crafting_table":15,"minecraft:azure_bluet":5,"minecraft:chicken":3,"minecraft:ladder":1,"minecraft:chain":1,"minecraft:shield":13,"minecraft:cornflower":1,"minecraft:iron_axe":12,"minecraft:iron_shovel":4,"minecraft:beef":36,"minecraft:iron_nugget":3,"minecraft:poppy":4,"minecraft:light_gray_wool":1,"minecraft:sugar_cane":292,"minecraft:chest":1,"minecraft:egg":12,"minecraft:raw_iron":847,"minecraft:carrot":54,"minecraft:redstone":904,"minecraft:cooked_cod":7,"minecraft:diamond_chestplate":2,"minecraft:arrow":48,"minecraft:stone_shovel":8,"minecraft:shears":4,"minecraft:diamond_boots":2,"minecraft:hay_block":87,"minecraft:saddle":1,"minecraft:mutton":27,"minecraft:white_wool":54,"minecraft:rail":76,"minecraft:oxeye_daisy":1,"minecraft:birch_leaves":316,"minecraft:leather":14,"minecraft:oak_log":48,"minecraft:yellow_bed":2,"minecraft:gunpowder":1,"minecraft:cooked_mutton":1,"minecraft:apple":1,"minecraft:iron_ingot":17,"minecraft:stone_pickaxe":4,"minecraft:iron_sword":16,"minecraft:dandelion":7,"minecraft:dripstone_block":27,"minecraft:gravel":167,"minecraft:lava_bucket":9,"minecraft:spruce_sapling":192,"minecraft:white_bed":8,"minecraft:spruce_log":3340,"minecraft:spider_eye":6,"minecraft:stone_axe":6,"minecraft:iron_helmet":9,"minecraft:diamond_axe":4,"minecraft:gray_wool":1,"minecraft:black_wool":2,"minecraft:coal":809},"minecraft:broken":{"minecraft:iron_shovel":5,"minecraft:shears":3,"minecraft:stone_shovel":1,"minecraft:iron_hoe":1,"minecraft:stone_hoe":1,"minecraft:iron_axe":4,"minecraft:iron_pickaxe":3},"minecraft:killed_by":{"minecraft:creeper":2,"minecraft:zombie":2,"minecraft:player":1,"minecraft:skeleton":3},"minecraft:custom":{"minecraft:interact_with_crafting_table":72,"minecraft:leave_game":28,"minecraft:time_since_death":37467,"minecraft:sprint_one_cm":1924275,"minecraft:damage_blocked_by_shield":4564,"minecraft:drop":204,"minecraft:talked_to_villager":4,"minecraft:play_time":691142,"minecraft:deaths":13,"minecraft:jump":9574,"minecraft:walk_on_water_one_cm":169488,"minecraft:interact_with_furnace":160,"minecraft:sleep_in_bed":23,"minecraft:damage_dealt":20199,"minecraft:crouch_one_cm":86546,"minecraft:horse_one_cm":301,"minecraft:mob_kills":145,"minecraft:climb_one_cm":11434,"minecraft:walk_one_cm":2371031,"minecraft:sneak_time":18615,"minecraft:walk_under_water_one_cm":93406,"minecraft:boat_one_cm":317830,"minecraft:total_world_time":691142,"minecraft:pot_flower":1,"minecraft:time_since_rest":0,"minecraft:damage_taken":8838,"minecraft:swim_one_cm":214547,"minecraft:fly_one_cm":1605863,"minecraft:open_chest":284,"minecraft:fall_one_cm":189660},"minecraft:mined":{"minecraft:white_bed":8,"minecraft:farmland":1,"minecraft:obsidian":4,"minecraft:granite":14,"minecraft:grass_block":1174,"minecraft:yellow_carpet":1,"minecraft:iron_ore":144,"minecraft:cobbled_deepslate":148,"minecraft:fletching_table":1,"minecraft:deepslate_lapis_ore":29,"minecraft:potted_dandelion":1,"minecraft:pointed_dripstone":13,"minecraft:deepslate_redstone_ore":69,"minecraft:smoker":1,"minecraft:torch":64,"minecraft:poppy":2,"minecraft:chest":1,"minecraft:cobblestone":94,"minecraft:sugar_cane":167,"minecraft:wall_torch":41,"minecraft:chain":1,"minecraft:wheat":381,"minecraft:black_bed":2,"minecraft:oak_log":48,"minecraft:sand":206,"minecraft:dirt":392,"minecraft:oak_leaves":559,"minecraft:deepslate":993,"minecraft:tuff":24,"minecraft:deepslate_diamond_ore":7,"minecraft:ladder":1,"minecraft:spruce_leaves":33,"minecraft:hay_block":85,"minecraft:black_stained_glass_pane":2,"minecraft:redstone_ore":4,"minecraft:spruce_sapling":7,"minecraft:furnace":6,"minecraft:carrots":19,"minecraft:andesite":23,"minecraft:potatoes":142,"minecraft:deepslate_iron_ore":119,"minecraft:rail":78,"minecraft:stone":1960,"minecraft:dandelion":1,"minecraft:crafting_table":5,"minecraft:short_grass":124,"minecraft:rose_bush":1,"minecraft:tall_grass":16,"minecraft:copper_ore":3,"minecraft:lapis_ore":4,"minecraft:deepslate_gold_ore":42,"minecraft:diorite":97,"minecraft:spruce_log":2393,"minecraft:birch_leaves":171,"minecraft:yellow_bed":2,"minecraft:coal_ore":91,"minecraft:gravel":46,"minecraft:dripstone_block":28,"minecraft:gold_ore":7}},"DataVersion":3700}