{"stats":{"minecraft:used":{"minecraft:cooked_mutton":1,"minecraft:water_bucket":7,"minecraft:diorite":1,"minecraft:stone_sword":3,"minecraft:stone_shovel":11,"minecraft:stone_pickaxe":140,"minecraft:wooden_pickaxe":24,"minecraft:shield":36,"minecraft:iron_sword":39,"minecraft:rotten_flesh":17,"minecraft:cooked_chicken":1,"minecraft:torch":20,"minecraft:sand":1,"minecraft:crafting_table":6,"minecraft:white_bed":1,"minecraft:lava_bucket":1,"minecraft:apple":1,"minecraft:bread":1,"minecraft:iron_axe":42,"minecraft:iron_pickaxe":143,"minecraft:stone_axe":23,"minecraft:bucket":10,"minecraft:andesite":2,"minecraft:cobbled_deepslate":2},"minecraft:mined":{"minecraft:deepslate_redstone_ore":25,"minecraft:tuff":5,"minecraft:deepslate_diamond_ore":2,"minecraft:crafting_table":3,"minecraft:torch":4,"minecraft:granite":3,"minecraft:short_grass":1,"minecraft:rose_bush":1,"minecraft:cobblestone":6,"minecraft:deepslate_gold_ore":9,"minecraft:diorite":1,"minecraft:wall_torch":11,"minecraft:redstone_ore":4,"minecraft:furnace":2,"minecraft:iron_ore":98,"minecraft:andesite":2,"minecraft:deepslate_lapis_ore":4,"minecraft:deepslate_iron_ore":12,"minecraft:oak_log":32,"minecraft:coal_ore":56,"minecraft:gravel":3,"minecraft:sand":1,"minecraft:dirt":1,"minecraft:stone":53,"minecraft:gold_ore":4,"minecraft:oak_leaves":5,"minecraft:deepslate":11},"minecraft:picked_up":{"minecraft:iron_chestplate":8,"minecraft:crafting_table":13,"minecraft:feather":30,"minecraft:water_bucket":7,"minecraft:andesite":58,"minecraft:tuff":16,"minecraft:oak_log":32,"minecraft:shield":9,"minecraft:lapis_lazuli":60,"minecraft:string":14,"minecraft:iron_axe":7,"minecraft:iron_leggings":8,"minecraft:cooked_mutton":1,"minecraft:iron_shovel":2,"minecraft:bone":50,"minecraft:apple":1,"minecraft:wheat_seeds":6,"minecraft:cobbled_deepslate":179,"minecraft:raw_gold":110,"minecraft:bucket":3,"minecraft:iron_ingot":16,"minecraft:stone_pickaxe":4,"minecraft:rose_bush":1,"minecraft:iron_pickaxe":17,"minecraft:iron_sword":11,"minecraft:oak_planks":37,"minecraft:iron_boots":7,"minecraft:furnace":5,"minecraft:stick":5,"minecraft:raw_iron":582,"minecraft:torch":46,"minecraft:gravel":10,"minecraft:lava_bucket":8,"minecraft:sand":1,"minecraft:diorite":3,"minecraft:redstone":590,"minecraft:spider_eye":4,"minecraft:stone_sword":4,"minecraft:arrow":30,"minecraft:stone_shovel":8,"minecraft:rotten_flesh":20,"minecraft:diamond":5,"minecraft:stone_axe":6,"minecraft:iron_helmet":7,"minecraft:granite":63,"minecraft:saddle":1,"minecraft:oak_sapling":6,"minecraft:mutton":6,"minecraft:coal":681,"minecraft:white_wool":32,"minecraft:cobblestone":382},"minecraft:custom":{"minecraft:interact_with_furnace":34,"minecraft:mob_kills":27,"minecraft:interact_with_crafting_table":15,"minecraft:leave_game":2,"minecraft:time_since_death":12695,"minecraft:sleep_in_bed":1,"minecraft:time_since_rest":278,"minecraft:sprint_one_cm":136486,"minecraft:damage_taken":3320,"minecraft:walk_one_cm":349508,"minecraft:damage_blocked_by_shield":1986,"minecraft:drop":34,"minecraft:damage_dealt":5089,"minecraft:swim_one_cm":4609,"minecraft:fly_one_cm":126158,"minecraft:open_chest":7,"minecraft:crouch_one_cm":1473,"minecraft:play_time":87992,"minecraft:deaths":9,"minecraft:sneak_time":802,"minecraft:walk_under_water_one_cm":16141,"minecraft:jump":1356,"minecraft:walk_on_water_one_cm":22647,"minecraft:total_world_time":87992,"minecraft:fall_one_cm":27455},"minecraft:dropped":{"minecraft:bread":1,"minecraft:iron_sword":3,"minecraft:stone_axe":1,"minecraft:oak_log":6,"minecraft:stone_sword":1,"minecraft:diamond":5,"minecraft:stone_shovel":1,"minecraft:raw_iron":66,"minecraft:granite":6,"minecraft:coal":64,"minecraft:lava_bucket":3,"minecraft:shield":1,"minecraft:torch":1,"minecraft:iron_chestplate":1,"minecraft:oak_sapling":4,"minecraft:iron_leggings":1,"minecraft:spider_eye":3,"minecraft:stone_pickaxe":3,"minecraft:wooden_pickaxe":1,"minecraft:iron_pickaxe":2,"minecraft:iron_shovel":1},"minecraft:killed_by":{"minecraft:player":1,"minecraft:skeleton":2,"minecraft:creeper":1,"minecraft:zombie":1},"minecraft:crafted":{"minecraft:oak_planks":104,"minecraft:stone_shovel":1,"minecraft:crafting_table":2,"minecraft:wooden_pickaxe":1,"minecraft:cooked_chicken":1,"minecraft:furnace":1,"minecraft:stone_axe":2,"minecraft:bread":1,"minecraft:cooked_mutton":2,"minecraft:air":0,"minecraft:shield":1,"minecraft:stick":12,"minecraft:stone_pickaxe":2,"minecraft:stone_sword":1,"minecraft:white_bed":1,"minecraft:torch":4},"minecraft:killed":{"minecraft:witch":1,"minecraft:sheep":4,"minecraft:skeleton":6,"minecraft:zombie":14}},"DataVersion":3700}