{"stats":{"minecraft:crafted":{"minecraft:black_dye":9,"minecraft:oak_planks":128,"minecraft:stone_shovel":1,"minecraft:cooked_chicken":1,"minecraft:furnace":1,"minecraft:bone_meal":57,"minecraft:cooked_mutton":25,"minecraft:glass_pane":64,"minecraft:glass":128,"minecraft:iron_boots":2,"minecraft:iron_axe":8,"minecraft:iron_hoe":2,"minecraft:stone_pickaxe":2,"minecraft:chest":8,"minecraft:redstone_block":14,"minecraft:stone_hoe":1,"minecraft:wheat":711,"minecraft:cooked_cod":9,"minecraft:cooked_porkchop":31,"minecraft:crafting_table":3,"minecraft:spruce_planks":196,"minecraft:wooden_pickaxe":1,"minecraft:iron_helmet":1,"minecraft:iron_sword":1,"minecraft:stone_axe":2,"minecraft:bread":304,"minecraft:air":0,"minecraft:iron_chestplate":1,"minecraft:shield":3,"minecraft:stick":28,"minecraft:iron_ingot":166,"minecraft:iron_pickaxe":4,"minecraft:stone_sword":1,"minecraft:black_stained_glass_pane":64,"minecraft:iron_shovel":7,"minecraft:iron_leggings":1,"minecraft:white_bed":3,"minecraft:torch":84},"minecraft:killed":{"minecraft:witch":1,"minecraft:spider":6,"minecraft:cod":9,"minecraft:horse":2,"minecraft:skeleton":11,"minecraft:chicken":4,"minecraft:pig":23,"minecraft:squid":6,"minecraft:sheep":19,"minecraft:zombie":25,"minecraft:cow":17},"minecraft:used":{"minecraft:stone_sword":3,"minecraft:iron_shovel":1484,"minecraft:stone_shovel":133,"minecraft:poppy":1,"minecraft:chest":9,"minecraft:spruce_planks":1,"minecraft:shield":66,"minecraft:iron_sword":136,"minecraft:bell":1,"minecraft:cooked_chicken":1,"minecraft:rotten_flesh":17,"minecraft:stone_hoe":131,"minecraft:torch":181,"minecraft:dirt":1470,"minecraft:carrot":70,"minecraft:yellow_carpet":1,"minecraft:spruce_boat":2,"minecraft:iron_hoe":325,"minecraft:lava_bucket":2,"minecraft:black_stained_glass_pane":60,"minecraft:iron_axe":801,"minecraft:iron_boots":1,"minecraft:hay_block":4,"minecraft:cooked_cod":4,"minecraft:furnace":6,"minecraft:egg":1,"minecraft:potato":14,"minecraft:cobbled_deepslate":658,"minecraft:iron_leggings":1,"minecraft:wheat_seeds":475,"minecraft:cooked_mutton":20,"minecraft:water_bucket":65,"minecraft:diorite":5,"minecraft:stone_pickaxe":140,"minecraft:wooden_pickaxe":24,"minecraft:sugar_cane":290,"minecraft:diamond_axe":1786,"minecraft:sand":18,"minecraft:crafting_table":9,"minecraft:white_bed":6,"minecraft:black_bed":2,"minecraft:diamond_pickaxe":1626,"minecraft:flower_pot":1,"minecraft:apple":1,"minecraft:bread":86,"minecraft:iron_pickaxe":1544,"minecraft:gravel":24,"minecraft:spruce_sapling":183,"minecraft:stone_axe":23,"minecraft:cobblestone":593,"minecraft:andesite":3,"minecraft:bucket":69,"minecraft:chain":1,"minecraft:yellow_bed":2,"minecraft:bone_meal":57},"minecraft:dropped":{"minecraft:bread":75,"minecraft:iron_ingot":25,"minecraft:iron_sword":6,"minecraft:black_dye":1,"minecraft:wheat_seeds":1,"minecraft:diamond_axe":1,"minecraft:oak_log":6,"minecraft:diamond":5,"minecraft:iron_helmet":3,"minecraft:cobblestone":320,"minecraft:granite":6,"minecraft:coal":77,"minecraft:flint":1,"minecraft:lava_bucket":3,"minecraft:oxeye_daisy":1,"minecraft:diorite":1,"minecraft:ink_sac":4,"minecraft:torch":37,"minecraft:black_stained_glass_pane":4,"minecraft:cornflower":1,"minecraft:rose_bush":1,"minecraft:cooked_cod":7,"minecraft:iron_leggings":3,"minecraft:iron_axe":4,"minecraft:iron_pickaxe":4,"minecraft:iron_shovel":2,"minecraft:string":2,"minecraft:spruce_sapling":1,"minecraft:redstone":2,"minecraft:dandelion":5,"minecraft:stone_axe":1,"minecraft:sugar_cane":1,"minecraft:stone_sword":1,"minecraft:obsidian":1,"minecraft:raw_iron":109,"minecraft:pointed_dripstone":27,"minecraft:stone_shovel":1,"minecraft:rotten_flesh":6,"minecraft:iron_boots":3,"minecraft:iron_hoe":2,"minecraft:stone_slab":1,"minecraft:azure_bluet":2,"minecraft:carrot":1,"minecraft:poppy":3,"minecraft:potato":229,"minecraft:hay_block":4,"minecraft:shield":3,"minecraft:spruce_planks":160,"minecraft:iron_chestplate":4,"minecraft:andesite":47,"minecraft:oak_sapling":5,"minecraft:spider_eye":4,"minecraft:spruce_log":2102,"minecraft:arrow":1,"minecraft:glass":102,"minecraft:stone_pickaxe":3,"minecraft:wooden_pickaxe":1,"minecraft:bell":1,"minecraft:egg":4},"minecraft:picked_up":{"minecraft:iron_chestplate":10,"minecraft:crafting_table":15,"minecraft:wheat":215,"minecraft:azure_bluet":2,"minecraft:chicken":3,"minecraft:flower_pot":1,"minecraft:stone_slab":1,"minecraft:chain":1,"minecraft:shield":12,"minecraft:cornflower":1,"minecraft:string":16,"minecraft:iron_axe":9,"minecraft:iron_leggings":11,"minecraft:iron_shovel":2,"minecraft:diamond_leggings":1,"minecraft:cobbled_deepslate":1387,"minecraft:bucket":3,"minecraft:spruce_planks":1,"minecraft:beef":36,"minecraft:rose_bush":1,"minecraft:iron_nugget":3,"minecraft:poppy":4,"minecraft:iron_pickaxe":23,"minecraft:light_gray_wool":1,"minecraft:sugar_cane":292,"minecraft:chest":1,"minecraft:egg":7,"minecraft:iron_boots":9,"minecraft:furnace":9,"minecraft:golden_helmet":1,"minecraft:raw_iron":757,"minecraft:stick":123,"minecraft:torch":216,"minecraft:porkchop":51,"minecraft:pointed_dripstone":27,"minecraft:diorite":137,"minecraft:carrot":54,"minecraft:redstone":590,"minecraft:stone_sword":4,"minecraft:arrow":36,"minecraft:stone_shovel":8,"minecraft:rotten_flesh":45,"minecraft:diamond_chestplate":1,"minecraft:cooked_cod":7,"minecraft:diamond_boots":1,"minecraft:hay_block":87,"minecraft:saddle":1,"minecraft:mutton":27,"minecraft:obsidian":1,"minecraft:cod":9,"minecraft:white_wool":44,"minecraft:cobblestone":1887,"minecraft:oxeye_daisy":1,"minecraft:feather":33,"minecraft:cooked_beef":42,"minecraft:water_bucket":10,"minecraft:andesite":165,"minecraft:black_bed":2,"minecraft:leather":14,"minecraft:smoker":1,"minecraft:potato":241,"minecraft:flint":5,"minecraft:tuff":28,"minecraft:oak_log":42,"minecraft:yellow_bed":2,"minecraft:gunpowder":1,"minecraft:dirt":1657,"minecraft:lapis_lazuli":223,"minecraft:cooked_mutton":1,"minecraft:bone":59,"minecraft:apple":1,"minecraft:wheat_seeds":785,"minecraft:raw_gold":130,"minecraft:bell":2,"minecraft:iron_ingot":16,"minecraft:stone_pickaxe":4,"minecraft:fletching_table":1,"minecraft:diamond_helmet":1,"minecraft:oak_planks":37,"minecraft:iron_sword":16,"minecraft:cooked_porkchop":4,"minecraft:dandelion":7,"minecraft:dripstone_block":22,"minecraft:gravel":152,"minecraft:lava_bucket":8,"minecraft:sand":206,"minecraft:spruce_sapling":192,"minecraft:ink_sac":13,"minecraft:white_bed":3,"minecraft:spruce_log":3340,"minecraft:spider_eye":5,"minecraft:iron_hoe":2,"minecraft:yellow_carpet":1,"minecraft:stone_axe":6,"minecraft:diamond":6,"minecraft:spruce_boat":2,"minecraft:iron_helmet":9,"minecraft:diamond_axe":3,"minecraft:granite":77,"minecraft:gray_wool":1,"minecraft:bread":25,"minecraft:oak_sapling":6,"minecraft:black_wool":2,"minecraft:coal":786,"minecraft:diamond_pickaxe":1},"minecraft:broken":{"minecraft:iron_shovel":5,"minecraft:stone_hoe":1,"minecraft:iron_axe":4,"minecraft:iron_pickaxe":3,"minecraft:stone_shovel":1,"minecraft:iron_hoe":1},"minecraft:killed_by":{"minecraft:player":1,"minecraft:creeper":1,"minecraft:skeleton":3,"minecraft:zombie":2},"minecraft:custom":{"minecraft:mob_kills":126,"minecraft:interact_with_crafting_table":60,"minecraft:leave_game":27,"minecraft:time_since_death":234443,"minecraft:climb_one_cm":6623,"minecraft:sprint_one_cm":1503104,"minecraft:walk_one_cm":2022422,"minecraft:damage_blocked_by_shield":3770,"minecraft:drop":162,"minecraft:talked_to_villager":4,"minecraft:play_time":590057,"minecraft:sneak_time":17380,"minecraft:deaths":12,"minecraft:walk_under_water_one_cm":78011,"minecraft:boat_one_cm":317830,"minecraft:jump":7794,"minecraft:walk_on_water_one_cm":137784,"minecraft:total_world_time":590057,"minecraft:interact_with_furnace":138,"minecraft:pot_flower":1,"minecraft:sleep_in_bed":18,"minecraft:time_since_rest":1003,"minecraft:damage_taken":7367,"minecraft:damage_dealt":16063,"minecraft:swim_one_cm":189182,"minecraft:fly_one_cm":1276082,"minecraft:open_chest":246,"minecraft:crouch_one_cm":84490,"minecraft:fall_one_cm":151615,"minecraft:horse_one_cm":301},"minecraft:mined":{"minecraft:tuff":17,"minecraft:white_bed":4,"minecraft:farmland":1,"minecraft:deepslate_diamond_ore":3,"minecraft:granite":11,"minecraft:grass_block":1056,"minecraft:yellow_carpet":1,"minecraft:spruce_leaves":33,"minecraft:hay_block":85,"minecraft:black_stained_glass_pane":2,"minecraft:redstone_ore":4,"minecraft:spruce_sapling":7,"minecraft:furnace":6,"minecraft:carrots":19,"minecraft:iron_ore":142,"minecraft:cobbled_deepslate":146,"minecraft:andesite":23,"minecraft:deepslate_lapis_ore":27,"minecraft:fletching_table":1,"minecraft:potatoes":142,"minecraft:pointed_dripstone":13,"minecraft:potted_dandelion":1,"minecraft:deepslate_iron_ore":50,"minecraft:stone":1551,"minecraft:deepslate_redstone_ore":25,"minecraft:smoker":1,"minecraft:dandelion":1,"minecraft:crafting_table":5,"minecraft:torch":61,"minecraft:short_grass":113,"minecraft:poppy":2,"minecraft:chest":1,"minecraft:rose_bush":1,"minecraft:copper_ore":2,"minecraft:tall_grass":16,"minecraft:cobblestone":84,"minecraft:deepslate_gold_ore":22,"minecraft:lapis_ore":4,"minecraft:sugar_cane":167,"minecraft:diorite":91,"minecraft:wall_torch":40,"minecraft:chain":1,"minecraft:wheat":381,"minecraft:spruce_log":2393,"minecraft:black_bed":2,"minecraft:yellow_bed":2,"minecraft:coal_ore":84,"minecraft:oak_log":42,"minecraft:gravel":29,"minecraft:dirt":375,"minecraft:sand":206,"minecraft:dripstone_block":22,"minecraft:gold_ore":7,"minecraft:oak_leaves":8,"minecraft:deepslate":910}},"DataVersion":3700}