{"stats":{"minecraft:crafted":{"minecraft:black_dye":9,"minecraft:oak_planks":128,"minecraft:stone_shovel":1,"minecraft:cooked_chicken":1,"minecraft:furnace":1,"minecraft:bone_meal":57,"minecraft:cooked_mutton":25,"minecraft:glass_pane":64,"minecraft:glass":128,"minecraft:iron_boots":2,"minecraft:iron_axe":5,"minecraft:iron_hoe":2,"minecraft:stone_pickaxe":2,"minecraft:chest":8,"minecraft:redstone_block":14,"minecraft:stone_hoe":1,"minecraft:wheat":711,"minecraft:cooked_cod":9,"minecraft:cooked_porkchop":31,"minecraft:crafting_table":3,"minecraft:spruce_planks":196,"minecraft:iron_helmet":1,"minecraft:wooden_pickaxe":1,"minecraft:iron_sword":1,"minecraft:stone_axe":2,"minecraft:bread":246,"minecraft:air":0,"minecraft:iron_chestplate":1,"minecraft:shield":3,"minecraft:stick":28,"minecraft:iron_ingot":166,"minecraft:iron_pickaxe":4,"minecraft:stone_sword":1,"minecraft:black_stained_glass_pane":64,"minecraft:iron_shovel":7,"minecraft:iron_leggings":1,"minecraft:white_bed":3,"minecraft:torch":84},"minecraft:killed":{"minecraft:witch":1,"minecraft:spider":6,"minecraft:cod":9,"minecraft:skeleton":10,"minecraft:horse":2,"minecraft:chicken":4,"minecraft:pig":23,"minecraft:squid":4,"minecraft:sheep":19,"minecraft:zombie":24,"minecraft:cow":17},"minecraft:used":{"minecraft:stone_sword":3,"minecraft:iron_shovel":1468,"minecraft:stone_shovel":133,"minecraft:poppy":1,"minecraft:chest":9,"minecraft:shield":66,"minecraft:iron_sword":118,"minecraft:cooked_chicken":1,"minecraft:rotten_flesh":17,"minecraft:stone_hoe":131,"minecraft:torch":129,"minecraft:dirt":1470,"minecraft:carrot":70,"minecraft:yellow_carpet":1,"minecraft:spruce_boat":2,"minecraft:iron_hoe":271,"minecraft:lava_bucket":2,"minecraft:iron_axe":801,"minecraft:iron_boots":1,"minecraft:hay_block":4,"minecraft:furnace":6,"minecraft:cooked_cod":4,"minecraft:egg":1,"minecraft:potato":13,"minecraft:cobbled_deepslate":9,"minecraft:iron_leggings":1,"minecraft:wheat_seeds":164,"minecraft:cooked_mutton":20,"minecraft:water_bucket":56,"minecraft:diorite":3,"minecraft:stone_pickaxe":140,"minecraft:wooden_pickaxe":24,"minecraft:sugar_cane":290,"minecraft:diamond_axe":743,"minecraft:sand":18,"minecraft:crafting_table":9,"minecraft:white_bed":5,"minecraft:flower_pot":1,"minecraft:apple":1,"minecraft:bread":66,"minecraft:iron_pickaxe":1160,"minecraft:gravel":22,"minecraft:spruce_sapling":126,"minecraft:stone_axe":23,"minecraft:cobblestone":236,"minecraft:andesite":2,"minecraft:bucket":60,"minecraft:yellow_bed":2,"minecraft:bone_meal":57},"minecraft:dropped":{"minecraft:bread":61,"minecraft:iron_ingot":25,"minecraft:iron_sword":6,"minecraft:wheat_seeds":1,"minecraft:oak_log":6,"minecraft:diamond":5,"minecraft:iron_helmet":1,"minecraft:granite":6,"minecraft:coal":77,"minecraft:flint":1,"minecraft:lava_bucket":3,"minecraft:oxeye_daisy":1,"minecraft:diorite":1,"minecraft:torch":11,"minecraft:cornflower":1,"minecraft:rose_bush":1,"minecraft:cooked_cod":7,"minecraft:iron_leggings":2,"minecraft:iron_axe":2,"minecraft:iron_pickaxe":4,"minecraft:iron_shovel":1,"minecraft:string":2,"minecraft:spruce_sapling":1,"minecraft:redstone":2,"minecraft:dandelion":5,"minecraft:stone_axe":1,"minecraft:sugar_cane":1,"minecraft:stone_sword":1,"minecraft:obsidian":1,"minecraft:raw_iron":109,"minecraft:pointed_dripstone":27,"minecraft:stone_shovel":1,"minecraft:rotten_flesh":2,"minecraft:iron_boots":2,"minecraft:iron_hoe":1,"minecraft:azure_bluet":2,"minecraft:poppy":3,"minecraft:hay_block":4,"minecraft:shield":2,"minecraft:iron_chestplate":2,"minecraft:andesite":7,"minecraft:oak_sapling":5,"minecraft:spider_eye":4,"minecraft:spruce_log":353,"minecraft:arrow":1,"minecraft:stone_pickaxe":3,"minecraft:wooden_pickaxe":1,"minecraft:bell":1,"minecraft:egg":4},"minecraft:picked_up":{"minecraft:iron_chestplate":10,"minecraft:crafting_table":15,"minecraft:wheat":41,"minecraft:azure_bluet":2,"minecraft:chicken":3,"minecraft:flower_pot":1,"minecraft:shield":12,"minecraft:cornflower":1,"minecraft:string":16,"minecraft:iron_axe":9,"minecraft:iron_leggings":11,"minecraft:iron_shovel":2,"minecraft:cobbled_deepslate":668,"minecraft:bucket":3,"minecraft:beef":36,"minecraft:rose_bush":1,"minecraft:poppy":4,"minecraft:iron_pickaxe":23,"minecraft:light_gray_wool":1,"minecraft:sugar_cane":291,"minecraft:chest":1,"minecraft:furnace":9,"minecraft:iron_boots":9,"minecraft:egg":7,"minecraft:golden_helmet":1,"minecraft:stick":76,"minecraft:raw_iron":753,"minecraft:torch":153,"minecraft:porkchop":51,"minecraft:pointed_dripstone":27,"minecraft:diorite":120,"minecraft:carrot":54,"minecraft:redstone":590,"minecraft:stone_sword":4,"minecraft:arrow":34,"minecraft:stone_shovel":8,"minecraft:rotten_flesh":41,"minecraft:cooked_cod":7,"minecraft:hay_block":87,"minecraft:saddle":1,"minecraft:obsidian":1,"minecraft:mutton":27,"minecraft:cod":9,"minecraft:white_wool":44,"minecraft:cobblestone":635,"minecraft:oxeye_daisy":1,"minecraft:feather":33,"minecraft:cooked_beef":42,"minecraft:water_bucket":10,"minecraft:andesite":124,"minecraft:leather":14,"minecraft:smoker":1,"minecraft:potato":11,"minecraft:flint":5,"minecraft:tuff":28,"minecraft:oak_log":42,"minecraft:yellow_bed":2,"minecraft:gunpowder":1,"minecraft:lapis_lazuli":163,"minecraft:dirt":1636,"minecraft:cooked_mutton":1,"minecraft:bone":57,"minecraft:apple":1,"minecraft:wheat_seeds":164,"minecraft:raw_gold":126,"minecraft:bell":1,"minecraft:iron_ingot":16,"minecraft:stone_pickaxe":4,"minecraft:fletching_table":1,"minecraft:iron_sword":16,"minecraft:oak_planks":37,"minecraft:cooked_porkchop":4,"minecraft:dandelion":7,"minecraft:dripstone_block":22,"minecraft:gravel":86,"minecraft:lava_bucket":8,"minecraft:sand":206,"minecraft:spruce_sapling":137,"minecraft:ink_sac":9,"minecraft:white_bed":2,"minecraft:spruce_log":1351,"minecraft:spider_eye":5,"minecraft:iron_hoe":1,"minecraft:yellow_carpet":1,"minecraft:spruce_boat":2,"minecraft:diamond":6,"minecraft:stone_axe":6,"minecraft:iron_helmet":9,"minecraft:granite":77,"minecraft:diamond_axe":2,"minecraft:gray_wool":1,"minecraft:bread":25,"minecraft:oak_sapling":6,"minecraft:black_wool":1,"minecraft:coal":784},"minecraft:broken":{"minecraft:iron_shovel":5,"minecraft:stone_hoe":1,"minecraft:iron_axe":4,"minecraft:iron_pickaxe":3,"minecraft:stone_shovel":1,"minecraft:iron_hoe":1},"minecraft:killed_by":{"minecraft:player":1,"minecraft:creeper":1,"minecraft:skeleton":3,"minecraft:zombie":2},"minecraft:custom":{"minecraft:mob_kills":122,"minecraft:interact_with_crafting_table":57,"minecraft:leave_game":20,"minecraft:time_since_death":73825,"minecraft:climb_one_cm":3917,"minecraft:sprint_one_cm":1081255,"minecraft:walk_one_cm":1404401,"minecraft:damage_blocked_by_shield":3770,"minecraft:drop":97,"minecraft:talked_to_villager":2,"minecraft:play_time":429439,"minecraft:sneak_time":16147,"minecraft:deaths":12,"minecraft:walk_under_water_one_cm":71394,"minecraft:boat_one_cm":166633,"minecraft:jump":6359,"minecraft:walk_on_water_one_cm":128692,"minecraft:total_world_time":429439,"minecraft:interact_with_furnace":137,"minecraft:pot_flower":1,"minecraft:sleep_in_bed":13,"minecraft:time_since_rest":24205,"minecraft:damage_taken":7144,"minecraft:damage_dealt":15225,"minecraft:swim_one_cm":171052,"minecraft:fly_one_cm":1111002,"minecraft:open_chest":194,"minecraft:crouch_one_cm":79478,"minecraft:fall_one_cm":135694,"minecraft:horse_one_cm":301},"minecraft:mined":{"minecraft:tuff":17,"minecraft:white_bed":3,"minecraft:deepslate_diamond_ore":3,"minecraft:granite":11,"minecraft:grass_block":1056,"minecraft:yellow_carpet":1,"minecraft:spruce_leaves":30,"minecraft:hay_block":85,"minecraft:redstone_ore":4,"minecraft:spruce_sapling":2,"minecraft:furnace":6,"minecraft:carrots":19,"minecraft:iron_ore":138,"minecraft:cobbled_deepslate":2,"minecraft:andesite":2,"minecraft:deepslate_lapis_ore":21,"minecraft:fletching_table":1,"minecraft:potatoes":3,"minecraft:pointed_dripstone":13,"minecraft:potted_dandelion":1,"minecraft:deepslate_iron_ore":50,"minecraft:stone":254,"minecraft:deepslate_redstone_ore":25,"minecraft:smoker":1,"minecraft:dandelion":1,"minecraft:crafting_table":5,"minecraft:torch":40,"minecraft:short_grass":103,"minecraft:poppy":2,"minecraft:chest":1,"minecraft:rose_bush":1,"minecraft:tall_grass":15,"minecraft:cobblestone":63,"minecraft:deepslate_gold_ore":18,"minecraft:sugar_cane":167,"minecraft:diorite":70,"minecraft:wall_torch":19,"minecraft:wheat":43,"minecraft:spruce_log":1354,"minecraft:yellow_bed":2,"minecraft:coal_ore":82,"minecraft:oak_log":42,"minecraft:gravel":25,"minecraft:dirt":353,"minecraft:sand":206,"minecraft:dripstone_block":22,"minecraft:gold_ore":7,"minecraft:oak_leaves":8,"minecraft:deepslate":465}},"DataVersion":3700}