{"stats":{"minecraft:crafted":{"minecraft:black_dye":9,"minecraft:oak_planks":128,"minecraft:stone_shovel":1,"minecraft:cooked_chicken":1,"minecraft:furnace":1,"minecraft:bone_meal":57,"minecraft:cooked_mutton":25,"minecraft:glass_pane":64,"minecraft:glass":128,"minecraft:iron_boots":2,"minecraft:iron_axe":8,"minecraft:iron_hoe":2,"minecraft:stone_pickaxe":2,"minecraft:chest":8,"minecraft:redstone_block":35,"minecraft:stone_hoe":1,"minecraft:wheat":711,"minecraft:cooked_cod":9,"minecraft:cooked_porkchop":31,"minecraft:crafting_table":3,"minecraft:spruce_planks":196,"minecraft:wooden_pickaxe":1,"minecraft:iron_helmet":1,"minecraft:iron_sword":1,"minecraft:stone_axe":2,"minecraft:bread":304,"minecraft:air":0,"minecraft:iron_chestplate":1,"minecraft:shield":4,"minecraft:stick":28,"minecraft:iron_ingot":233,"minecraft:iron_pickaxe":4,"minecraft:stone_sword":1,"minecraft:black_stained_glass_pane":64,"minecraft:iron_shovel":10,"minecraft:iron_leggings":1,"minecraft:white_bed":3,"minecraft:torch":84,"minecraft:shears":3},"minecraft:killed":{"minecraft:witch":1,"minecraft:spider":7,"minecraft:cod":9,"minecraft:horse":2,"minecraft:skeleton":14,"minecraft:chicken":4,"minecraft:pig":23,"minecraft:squid":6,"minecraft:sheep":19,"minecraft:zombie":35,"minecraft:cow":17},"minecraft:used":{"minecraft:stone_sword":3,"minecraft:iron_shovel":1627,"minecraft:stone_shovel":133,"minecraft:poppy":1,"minecraft:chest":9,"minecraft:spruce_planks":1,"minecraft:shield":78,"minecraft:iron_sword":136,"minecraft:bell":1,"minecraft:cooked_chicken":1,"minecraft:rotten_flesh":17,"minecraft:stone_hoe":131,"minecraft:torch":189,"minecraft:dirt":1641,"minecraft:carrot":70,"minecraft:yellow_carpet":1,"minecraft:granite":65,"minecraft:spruce_boat":2,"minecraft:iron_hoe":325,"minecraft:lava_bucket":2,"minecraft:black_stained_glass_pane":60,"minecraft:iron_axe":801,"minecraft:iron_boots":1,"minecraft:hay_block":4,"minecraft:cooked_cod":4,"minecraft:furnace":6,"minecraft:egg":1,"minecraft:potato":14,"minecraft:cobbled_deepslate":662,"minecraft:iron_leggings":1,"minecraft:wheat_seeds":475,"minecraft:cooked_mutton":20,"minecraft:water_bucket":85,"minecraft:diorite":5,"minecraft:stone_pickaxe":140,"minecraft:wooden_pickaxe":24,"minecraft:sugar_cane":290,"minecraft:diamond_axe":1793,"minecraft:sand":18,"minecraft:crafting_table":9,"minecraft:white_bed":7,"minecraft:black_bed":2,"minecraft:diamond_pickaxe":2001,"minecraft:flower_pot":1,"minecraft:apple":1,"minecraft:bread":110,"minecraft:iron_pickaxe":1544,"minecraft:gravel":24,"minecraft:spruce_sapling":183,"minecraft:stone_axe":23,"minecraft:diamond_sword":51,"minecraft:cobblestone":610,"minecraft:andesite":3,"minecraft:bucket":89,"minecraft:chain":1,"minecraft:yellow_bed":2,"minecraft:bone_meal":57},"minecraft:dropped":{"minecraft:bread":133,"minecraft:iron_ingot":25,"minecraft:iron_sword":6,"minecraft:black_dye":1,"minecraft:wheat_seeds":1,"minecraft:diamond_axe":1,"minecraft:oak_log":6,"minecraft:diamond":5,"minecraft:iron_helmet":3,"minecraft:cobblestone":321,"minecraft:granite":6,"minecraft:coal":77,"minecraft:flint":1,"minecraft:lava_bucket":3,"minecraft:oxeye_daisy":1,"minecraft:diorite":1,"minecraft:ink_sac":4,"minecraft:torch":37,"minecraft:black_stained_glass_pane":4,"minecraft:cornflower":1,"minecraft:rose_bush":1,"minecraft:cooked_cod":7,"minecraft:iron_leggings":3,"minecraft:iron_axe":4,"minecraft:iron_pickaxe":4,"minecraft:iron_shovel":5,"minecraft:string":2,"minecraft:redstone":2,"minecraft:spruce_sapling":1,"minecraft:dandelion":5,"minecraft:stone_axe":1,"minecraft:sugar_cane":1,"minecraft:stone_sword":1,"minecraft:obsidian":1,"minecraft:pointed_dripstone":29,"minecraft:raw_iron":109,"minecraft:stone_shovel":1,"minecraft:rotten_flesh":6,"minecraft:iron_boots":3,"minecraft:iron_hoe":2,"minecraft:stone_slab":1,"minecraft:azure_bluet":2,"minecraft:shears":3,"minecraft:carrot":1,"minecraft:poppy":3,"minecraft:potato":229,"minecraft:hay_block":4,"minecraft:shield":3,"minecraft:spruce_planks":160,"minecraft:iron_chestplate":4,"minecraft:andesite":47,"minecraft:oak_sapling":5,"minecraft:spider_eye":4,"minecraft:spruce_log":2102,"minecraft:arrow":1,"minecraft:glass":102,"minecraft:stone_pickaxe":3,"minecraft:wooden_pickaxe":1,"minecraft:bell":1,"minecraft:egg":4},"minecraft:picked_up":{"minecraft:iron_chestplate":10,"minecraft:crafting_table":15,"minecraft:wheat":215,"minecraft:azure_bluet":2,"minecraft:chicken":3,"minecraft:flower_pot":1,"minecraft:stone_slab":1,"minecraft:chain":1,"minecraft:shield":12,"minecraft:cornflower":1,"minecraft:string":17,"minecraft:raw_copper":9,"minecraft:iron_axe":9,"minecraft:iron_leggings":11,"minecraft:iron_shovel":2,"minecraft:diamond_leggings":1,"minecraft:cobbled_deepslate":1476,"minecraft:bucket":3,"minecraft:spruce_planks":1,"minecraft:beef":36,"minecraft:rose_bush":1,"minecraft:iron_nugget":3,"minecraft:poppy":4,"minecraft:iron_pickaxe":23,"minecraft:light_gray_wool":1,"minecraft:sugar_cane":292,"minecraft:chest":1,"minecraft:egg":7,"minecraft:iron_boots":9,"minecraft:furnace":9,"minecraft:golden_helmet":1,"minecraft:raw_iron":847,"minecraft:stick":123,"minecraft:torch":220,"minecraft:porkchop":51,"minecraft:pointed_dripstone":29,"minecraft:diorite":137,"minecraft:carrot":54,"minecraft:redstone":904,"minecraft:stone_sword":4,"minecraft:arrow":37,"minecraft:stone_shovel":8,"minecraft:rotten_flesh":54,"minecraft:diamond_chestplate":1,"minecraft:cooked_cod":7,"minecraft:diamond_boots":1,"minecraft:hay_block":87,"minecraft:saddle":1,"minecraft:mutton":27,"minecraft:obsidian":8,"minecraft:cod":9,"minecraft:rail":76,"minecraft:white_wool":44,"minecraft:cobblestone":1937,"minecraft:oxeye_daisy":1,"minecraft:feather":33,"minecraft:cooked_beef":42,"minecraft:water_bucket":10,"minecraft:andesite":165,"minecraft:black_bed":2,"minecraft:leather":14,"minecraft:smoker":1,"minecraft:potato":241,"minecraft:flint":6,"minecraft:tuff":35,"minecraft:oak_log":42,"minecraft:yellow_bed":2,"minecraft:gunpowder":1,"minecraft:dirt":1790,"minecraft:lapis_lazuli":282,"minecraft:cooked_mutton":1,"minecraft:bone":59,"minecraft:apple":1,"minecraft:bow":1,"minecraft:wheat_seeds":785,"minecraft:raw_gold":158,"minecraft:bell":2,"minecraft:iron_ingot":17,"minecraft:stone_pickaxe":4,"minecraft:fletching_table":1,"minecraft:diamond_helmet":1,"minecraft:oak_planks":37,"minecraft:iron_sword":16,"minecraft:cooked_porkchop":4,"minecraft:dandelion":7,"minecraft:dripstone_block":27,"minecraft:gravel":167,"minecraft:lava_bucket":8,"minecraft:sand":206,"minecraft:spruce_sapling":192,"minecraft:ink_sac":13,"minecraft:white_bed":5,"minecraft:spruce_log":3340,"minecraft:spider_eye":6,"minecraft:iron_hoe":2,"minecraft:yellow_carpet":1,"minecraft:stone_axe":6,"minecraft:diamond":22,"minecraft:spruce_boat":2,"minecraft:iron_helmet":9,"minecraft:diamond_axe":3,"minecraft:granite":80,"minecraft:gray_wool":1,"minecraft:bread":25,"minecraft:oak_sapling":6,"minecraft:black_wool":2,"minecraft:coal":802,"minecraft:diamond_pickaxe":1},"minecraft:broken":{"minecraft:iron_shovel":5,"minecraft:stone_hoe":1,"minecraft:iron_axe":4,"minecraft:iron_pickaxe":3,"minecraft:stone_shovel":1,"minecraft:iron_hoe":1},"minecraft:killed_by":{"minecraft:player":1,"minecraft:creeper":1,"minecraft:skeleton":3,"minecraft:zombie":2},"minecraft:custom":{"minecraft:mob_kills":141,"minecraft:interact_with_crafting_table":67,"minecraft:leave_game":28,"minecraft:time_since_death":287528,"minecraft:climb_one_cm":6623,"minecraft:sprint_one_cm":1741428,"minecraft:walk_one_cm":2205372,"minecraft:damage_blocked_by_shield":4384,"minecraft:drop":173,"minecraft:talked_to_villager":4,"minecraft:play_time":643142,"minecraft:sneak_time":18390,"minecraft:deaths":12,"minecraft:walk_under_water_one_cm":84682,"minecraft:boat_one_cm":317830,"minecraft:jump":8735,"minecraft:walk_on_water_one_cm":158091,"minecraft:total_world_time":643142,"minecraft:interact_with_furnace":158,"minecraft:pot_flower":1,"minecraft:sleep_in_bed":20,"minecraft:time_since_rest":4843,"minecraft:damage_taken":8176,"minecraft:damage_dealt":19460,"minecraft:swim_one_cm":206582,"minecraft:fly_one_cm":1418498,"minecraft:open_chest":282,"minecraft:crouch_one_cm":86413,"minecraft:fall_one_cm":171533,"minecraft:horse_one_cm":301},"minecraft:mined":{"minecraft:tuff":24,"minecraft:white_bed":6,"minecraft:farmland":1,"minecraft:deepslate_diamond_ore":7,"minecraft:granite":14,"minecraft:grass_block":1173,"minecraft:yellow_carpet":1,"minecraft:spruce_leaves":33,"minecraft:hay_block":85,"minecraft:black_stained_glass_pane":2,"minecraft:redstone_ore":4,"minecraft:spruce_sapling":7,"minecraft:furnace":6,"minecraft:carrots":19,"minecraft:iron_ore":144,"minecraft:cobbled_deepslate":148,"minecraft:andesite":23,"minecraft:deepslate_lapis_ore":29,"minecraft:fletching_table":1,"minecraft:potatoes":142,"minecraft:pointed_dripstone":13,"minecraft:potted_dandelion":1,"minecraft:deepslate_iron_ore":119,"minecraft:rail":78,"minecraft:stone":1594,"minecraft:deepslate_redstone_ore":69,"minecraft:smoker":1,"minecraft:dandelion":1,"minecraft:crafting_table":5,"minecraft:torch":64,"minecraft:short_grass":117,"minecraft:poppy":2,"minecraft:chest":1,"minecraft:rose_bush":1,"minecraft:copper_ore":2,"minecraft:tall_grass":16,"minecraft:cobblestone":93,"minecraft:deepslate_gold_ore":42,"minecraft:lapis_ore":4,"minecraft:sugar_cane":167,"minecraft:diorite":92,"minecraft:wall_torch":41,"minecraft:chain":1,"minecraft:wheat":381,"minecraft:spruce_log":2393,"minecraft:black_bed":2,"minecraft:yellow_bed":2,"minecraft:coal_ore":84,"minecraft:oak_log":42,"minecraft:gravel":46,"minecraft:dirt":387,"minecraft:sand":206,"minecraft:dripstone_block":28,"minecraft:gold_ore":7,"minecraft:oak_leaves":8,"minecraft:deepslate":993}},"DataVersion":3700}