{"stats":{"minecraft:killed":{"minecraft:witch":1,"minecraft:spider":6,"minecraft:cod":9,"minecraft:skeleton":10,"minecraft:horse":2,"minecraft:chicken":4,"minecraft:pig":23,"minecraft:sheep":19,"minecraft:zombie":22,"minecraft:cow":17},"minecraft:dropped":{"minecraft:iron_ingot":25,"minecraft:bread":61,"minecraft:iron_sword":6,"minecraft:oak_log":6,"minecraft:diamond":5,"minecraft:iron_helmet":1,"minecraft:granite":6,"minecraft:coal":77,"minecraft:flint":1,"minecraft:lava_bucket":3,"minecraft:oxeye_daisy":1,"minecraft:torch":11,"minecraft:cornflower":1,"minecraft:rose_bush":1,"minecraft:cooked_cod":7,"minecraft:iron_leggings":2,"minecraft:iron_axe":2,"minecraft:iron_pickaxe":4,"minecraft:iron_shovel":1,"minecraft:string":2,"minecraft:spruce_sapling":1,"minecraft:redstone":2,"minecraft:dandelion":3,"minecraft:stone_axe":1,"minecraft:sugar_cane":1,"minecraft:stone_sword":1,"minecraft:obsidian":1,"minecraft:raw_iron":109,"minecraft:pointed_dripstone":27,"minecraft:stone_shovel":1,"minecraft:rotten_flesh":2,"minecraft:iron_boots":2,"minecraft:iron_hoe":1,"minecraft:azure_bluet":2,"minecraft:poppy":3,"minecraft:hay_block":4,"minecraft:shield":2,"minecraft:iron_chestplate":2,"minecraft:andesite":7,"minecraft:oak_sapling":5,"minecraft:spider_eye":4,"minecraft:arrow":1,"minecraft:stone_pickaxe":3,"minecraft:wooden_pickaxe":1,"minecraft:bell":1,"minecraft:egg":4},"minecraft:crafted":{"minecraft:oak_planks":128,"minecraft:stone_shovel":1,"minecraft:cooked_chicken":1,"minecraft:furnace":1,"minecraft:bone_meal":57,"minecraft:cooked_mutton":25,"minecraft:iron_boots":2,"minecraft:iron_axe":5,"minecraft:iron_hoe":1,"minecraft:stone_pickaxe":2,"minecraft:chest":6,"minecraft:redstone_block":14,"minecraft:stone_hoe":1,"minecraft:wheat":711,"minecraft:cooked_cod":9,"minecraft:cooked_porkchop":31,"minecraft:crafting_table":3,"minecraft:spruce_planks":20,"minecraft:iron_helmet":1,"minecraft:wooden_pickaxe":1,"minecraft:iron_sword":1,"minecraft:stone_axe":2,"minecraft:bread":246,"minecraft:air":0,"minecraft:iron_chestplate":1,"minecraft:shield":3,"minecraft:stick":28,"minecraft:iron_ingot":70,"minecraft:iron_pickaxe":4,"minecraft:stone_sword":1,"minecraft:iron_shovel":5,"minecraft:iron_leggings":1,"minecraft:white_bed":3,"minecraft:torch":84},"minecraft:mined":{"minecraft:tuff":5,"minecraft:white_bed":3,"minecraft:deepslate_diamond_ore":2,"minecraft:granite":11,"minecraft:grass_block":1056,"minecraft:yellow_carpet":1,"minecraft:spruce_leaves":21,"minecraft:hay_block":85,"minecraft:redstone_ore":4,"minecraft:spruce_sapling":1,"minecraft:furnace":6,"minecraft:carrots":19,"minecraft:cobbled_deepslate":1,"minecraft:iron_ore":138,"minecraft:andesite":2,"minecraft:deepslate_lapis_ore":10,"minecraft:fletching_table":1,"minecraft:potatoes":3,"minecraft:potted_dandelion":1,"minecraft:pointed_dripstone":13,"minecraft:deepslate_iron_ore":47,"minecraft:stone":254,"minecraft:deepslate_redstone_ore":25,"minecraft:smoker":1,"minecraft:dandelion":1,"minecraft:crafting_table":5,"minecraft:torch":15,"minecraft:short_grass":56,"minecraft:poppy":2,"minecraft:rose_bush":1,"minecraft:tall_grass":8,"minecraft:cobblestone":63,"minecraft:deepslate_gold_ore":15,"minecraft:sugar_cane":55,"minecraft:diorite":70,"minecraft:wall_torch":17,"minecraft:wheat":28,"minecraft:spruce_log":623,"minecraft:yellow_bed":2,"minecraft:coal_ore":82,"minecraft:oak_log":38,"minecraft:sand":1,"minecraft:gravel":9,"minecraft:dripstone_block":22,"minecraft:dirt":352,"minecraft:gold_ore":7,"minecraft:oak_leaves":5,"minecraft:deepslate":44},"minecraft:picked_up":{"minecraft:iron_chestplate":9,"minecraft:crafting_table":15,"minecraft:wheat":26,"minecraft:azure_bluet":2,"minecraft:chicken":3,"minecraft:flower_pot":1,"minecraft:shield":11,"minecraft:cornflower":1,"minecraft:string":16,"minecraft:iron_axe":8,"minecraft:iron_leggings":10,"minecraft:iron_shovel":2,"minecraft:cobbled_deepslate":217,"minecraft:bucket":3,"minecraft:beef":36,"minecraft:rose_bush":1,"minecraft:poppy":4,"minecraft:iron_pickaxe":22,"minecraft:light_gray_wool":1,"minecraft:sugar_cane":96,"minecraft:furnace":9,"minecraft:iron_boots":8,"minecraft:egg":7,"minecraft:golden_helmet":1,"minecraft:stick":45,"minecraft:raw_iron":720,"minecraft:torch":111,"minecraft:porkchop":51,"minecraft:pointed_dripstone":27,"minecraft:diorite":70,"minecraft:carrot":53,"minecraft:redstone":590,"minecraft:stone_sword":4,"minecraft:arrow":34,"minecraft:stone_shovel":8,"minecraft:rotten_flesh":33,"minecraft:cooked_cod":7,"minecraft:hay_block":87,"minecraft:saddle":1,"minecraft:obsidian":1,"minecraft:mutton":27,"minecraft:cod":9,"minecraft:white_wool":44,"minecraft:cobblestone":634,"minecraft:oxeye_daisy":1,"minecraft:feather":33,"minecraft:cooked_beef":42,"minecraft:water_bucket":9,"minecraft:andesite":124,"minecraft:leather":14,"minecraft:smoker":1,"minecraft:potato":11,"minecraft:flint":2,"minecraft:tuff":16,"minecraft:oak_log":38,"minecraft:yellow_bed":2,"minecraft:gunpowder":1,"minecraft:lapis_lazuli":97,"minecraft:dirt":1622,"minecraft:cooked_mutton":1,"minecraft:bone":55,"minecraft:apple":1,"minecraft:wheat_seeds":106,"minecraft:raw_gold":119,"minecraft:bell":1,"minecraft:iron_ingot":16,"minecraft:stone_pickaxe":4,"minecraft:fletching_table":1,"minecraft:iron_sword":15,"minecraft:oak_planks":37,"minecraft:cooked_porkchop":4,"minecraft:dandelion":6,"minecraft:dripstone_block":22,"minecraft:gravel":37,"minecraft:lava_bucket":8,"minecraft:sand":1,"minecraft:spruce_sapling":71,"minecraft:white_bed":2,"minecraft:spruce_log":623,"minecraft:spider_eye":5,"minecraft:iron_hoe":1,"minecraft:yellow_carpet":1,"minecraft:spruce_boat":2,"minecraft:diamond":5,"minecraft:stone_axe":6,"minecraft:iron_helmet":8,"minecraft:granite":72,"minecraft:diamond_axe":1,"minecraft:gray_wool":1,"minecraft:oak_sapling":6,"minecraft:black_wool":1,"minecraft:coal":781},"minecraft:custom":{"minecraft:mob_kills":116,"minecraft:interact_with_crafting_table":49,"minecraft:leave_game":17,"minecraft:time_since_death":1880,"minecraft:climb_one_cm":2838,"minecraft:sprint_one_cm":886550,"minecraft:walk_one_cm":1231137,"minecraft:damage_blocked_by_shield":3770,"minecraft:drop":88,"minecraft:talked_to_villager":2,"minecraft:play_time":357494,"minecraft:sneak_time":15846,"minecraft:deaths":12,"minecraft:walk_under_water_one_cm":61770,"minecraft:boat_one_cm":166633,"minecraft:jump":5197,"minecraft:walk_on_water_one_cm":94858,"minecraft:total_world_time":357494,"minecraft:interact_with_furnace":115,"minecraft:pot_flower":1,"minecraft:sleep_in_bed":10,"minecraft:time_since_rest":1908,"minecraft:damage_taken":6928,"minecraft:damage_dealt":14495,"minecraft:swim_one_cm":132881,"minecraft:fly_one_cm":928174,"minecraft:open_chest":169,"minecraft:crouch_one_cm":78833,"minecraft:fall_one_cm":120326,"minecraft:horse_one_cm":301},"minecraft:broken":{"minecraft:iron_shovel":5,"minecraft:stone_hoe":1,"minecraft:iron_axe":4,"minecraft:iron_pickaxe":2,"minecraft:stone_shovel":1},"minecraft:killed_by":{"minecraft:player":1,"minecraft:creeper":1,"minecraft:skeleton":3,"minecraft:zombie":2},"minecraft:used":{"minecraft:stone_sword":3,"minecraft:iron_shovel":1263,"minecraft:stone_shovel":133,"minecraft:poppy":1,"minecraft:chest":6,"minecraft:shield":66,"minecraft:iron_sword":105,"minecraft:cooked_chicken":1,"minecraft:rotten_flesh":17,"minecraft:stone_hoe":131,"minecraft:torch":103,"minecraft:dirt":1459,"minecraft:carrot":70,"minecraft:yellow_carpet":1,"minecraft:iron_hoe":239,"minecraft:spruce_boat":2,"minecraft:lava_bucket":2,"minecraft:iron_axe":801,"minecraft:iron_boots":1,"minecraft:hay_block":4,"minecraft:furnace":6,"minecraft:cooked_cod":4,"minecraft:egg":1,"minecraft:potato":13,"minecraft:cobbled_deepslate":6,"minecraft:iron_leggings":1,"minecraft:wheat_seeds":106,"minecraft:cooked_mutton":20,"minecraft:water_bucket":53,"minecraft:diorite":3,"minecraft:stone_pickaxe":140,"minecraft:wooden_pickaxe":24,"minecraft:sugar_cane":95,"minecraft:sand":1,"minecraft:crafting_table":9,"minecraft:white_bed":5,"minecraft:flower_pot":1,"minecraft:apple":1,"minecraft:bread":51,"minecraft:iron_pickaxe":671,"minecraft:spruce_sapling":69,"minecraft:gravel":22,"minecraft:stone_axe":23,"minecraft:cobblestone":236,"minecraft:andesite":2,"minecraft:bucket":57,"minecraft:yellow_bed":2,"minecraft:bone_meal":57}},"DataVersion":3700}