{"stats":{"minecraft:used":{"minecraft:stone_pickaxe":1,"minecraft:wooden_pickaxe":81,"minecraft:shield":6,"minecraft:iron_sword":12,"minecraft:sugar_cane":1,"minecraft:rotten_flesh":1,"minecraft:dirt":2,"minecraft:crafting_table":8,"minecraft:carrot":12,"minecraft:white_bed":1,"minecraft:bread":11,"minecraft:iron_axe":190,"minecraft:iron_pickaxe":45,"minecraft:stone_axe":25,"minecraft:cobblestone":2,"minecraft:beef":5,"minecraft:hay_block":1,"minecraft:furnace":1,"minecraft:yellow_bed":6,"minecraft:potato":2},"minecraft:mined":{"minecraft:white_bed":3,"minecraft:dandelion":1,"minecraft:crafting_table":4,"minecraft:short_grass":33,"minecraft:grass_block":19,"minecraft:poppy":1,"minecraft:yellow_carpet":1,"minecraft:rose_bush":20,"minecraft:tall_grass":2,"minecraft:spruce_leaves":34,"minecraft:sugar_cane":18,"minecraft:diorite":10,"minecraft:seagrass":1,"minecraft:hay_block":2,"minecraft:tall_seagrass":1,"minecraft:furnace":1,"minecraft:carrots":6,"minecraft:birch_log":3,"minecraft:wheat":6,"minecraft:spruce_log":78,"minecraft:birch_leaves":2,"minecraft:fletching_table":1,"minecraft:azure_bluet":1,"minecraft:bee_nest":1,"minecraft:yellow_bed":8,"minecraft:peony":1,"minecraft:oak_log":34,"minecraft:potatoes":2,"minecraft:coal_ore":39,"minecraft:gravel":1,"minecraft:sand":2,"minecraft:dirt":9,"minecraft:stone":72,"minecraft:oak_leaves":12},"minecraft:picked_up":{"minecraft:birch_log":3,"minecraft:crafting_table":4,"minecraft:iron_chestplate":1,"minecraft:azure_bluet":1,"minecraft:feather":2,"minecraft:chicken":3,"minecraft:andesite":13,"minecraft:salmon":2,"minecraft:leather":6,"minecraft:potato":4,"minecraft:tuff":4,"minecraft:oak_log":33,"minecraft:yellow_bed":9,"minecraft:shield":1,"minecraft:dirt":37,"minecraft:iron_axe":2,"minecraft:iron_leggings":1,"minecraft:bone":4,"minecraft:bow":1,"minecraft:wheat_seeds":16,"minecraft:beef":14,"minecraft:rose_bush":18,"minecraft:fletching_table":1,"minecraft:poppy":1,"minecraft:iron_pickaxe":1,"minecraft:sugar_cane":35,"minecraft:iron_sword":1,"minecraft:egg":1,"minecraft:iron_boots":2,"minecraft:furnace":1,"minecraft:stick":9,"minecraft:dandelion":3,"minecraft:gravel":1,"minecraft:porkchop":18,"minecraft:sand":22,"minecraft:carrot":6,"minecraft:spruce_sapling":10,"minecraft:diorite":10,"minecraft:white_bed":4,"minecraft:spruce_log":76,"minecraft:arrow":2,"minecraft:rotten_flesh":1,"minecraft:yellow_carpet":1,"minecraft:peony":1,"minecraft:iron_helmet":1,"minecraft:hay_block":2,"minecraft:granite":2,"minecraft:gray_wool":1,"minecraft:bread":29,"minecraft:oak_sapling":5,"minecraft:black_wool":1,"minecraft:mutton":4,"minecraft:cod":3,"minecraft:coal":39,"minecraft:white_wool":1,"minecraft:cobblestone":71},"minecraft:custom":{"minecraft:interact_with_furnace":2,"minecraft:mob_kills":32,"minecraft:interact_with_crafting_table":9,"minecraft:bell_ring":16,"minecraft:leave_game":3,"minecraft:time_since_death":10710,"minecraft:sleep_in_bed":9,"minecraft:climb_one_cm":2251,"minecraft:time_since_rest":4742,"minecraft:sprint_one_cm":259573,"minecraft:damage_taken":2563,"minecraft:walk_one_cm":279665,"minecraft:damage_blocked_by_shield":255,"minecraft:drop":10,"minecraft:damage_dealt":4507,"minecraft:swim_one_cm":81882,"minecraft:talked_to_villager":4,"minecraft:fly_one_cm":413975,"minecraft:open_chest":18,"minecraft:crouch_one_cm":9388,"minecraft:play_time":97028,"minecraft:deaths":7,"minecraft:sneak_time":3350,"minecraft:walk_under_water_one_cm":19912,"minecraft:boat_one_cm":46610,"minecraft:jump":2069,"minecraft:walk_on_water_one_cm":22448,"minecraft:total_world_time":97028,"minecraft:interact_with_smoker":1,"minecraft:fall_one_cm":52043},"minecraft:dropped":{"minecraft:wheat_seeds":7,"minecraft:golden_helmet":1,"minecraft:iron_boots":1,"minecraft:poppy":1,"minecraft:hay_block":1,"minecraft:oak_sapling":1,"minecraft:dandelion":3,"minecraft:spruce_sapling":10},"minecraft:killed_by":{"minecraft:skeleton":1,"minecraft:zombie":1,"minecraft:drowned":1},"minecraft:crafted":{"minecraft:oak_planks":108,"minecraft:cooked_porkchop":1,"minecraft:crafting_table":6,"minecraft:wooden_pickaxe":2,"minecraft:furnace":1,"minecraft:stone_axe":2,"minecraft:oak_boat":1,"minecraft:stick":16,"minecraft:stone_pickaxe":1},"minecraft:killed":{"minecraft:wolf":1,"minecraft:pig":9,"minecraft:witch":1,"minecraft:salmon":2,"minecraft:cod":3,"minecraft:horse":3,"minecraft:sheep":4,"minecraft:chicken":3,"minecraft:cow":6}},"DataVersion":3700}