{"stats":{"minecraft:crafted":{"minecraft:grindstone":1,"minecraft:oak_planks":136,"minecraft:cooked_chicken":4,"minecraft:stone":3,"minecraft:cooked_mutton":4,"minecraft:glass":10,"minecraft:diamond_helmet":2,"minecraft:diamond_leggings":3,"minecraft:iron_boots":2,"minecraft:chest":10,"minecraft:stone_hoe":5,"minecraft:emerald":458,"minecraft:cauldron":5,"minecraft:cooked_porkchop":16,"minecraft:diamond_axe":2,"minecraft:crafting_table":9,"minecraft:spruce_planks":6828,"minecraft:wooden_pickaxe":1,"minecraft:iron_helmet":13,"minecraft:chainmail_chestplate":11,"minecraft:gold_block":3,"minecraft:fletching_table":4,"minecraft:hay_block":13,"minecraft:birch_planks":12,"minecraft:iron_chestplate":2,"minecraft:diamond_pickaxe":3,"minecraft:shield":7,"minecraft:stick":13504,"minecraft:stone_slab":6,"minecraft:iron_ingot":208,"minecraft:iron_pickaxe":15,"minecraft:stone_sword":1,"minecraft:gold_ingot":37,"minecraft:shears":1,"minecraft:stone_shovel":5,"minecraft:furnace":4,"minecraft:bone_meal":114,"minecraft:iron_axe":4,"minecraft:ladder":6,"minecraft:stone_pickaxe":19,"minecraft:diamond_boots":3,"minecraft:spruce_boat":5,"minecraft:wheat":558,"minecraft:diamond_sword":2,"minecraft:iron_sword":3,"minecraft:bucket":6,"minecraft:stone_axe":1,"minecraft:bread":179,"minecraft:air":0,"minecraft:chainmail_boots":12,"minecraft:iron_shovel":1,"minecraft:iron_leggings":2,"minecraft:white_bed":5,"minecraft:torch":196,"minecraft:diamond_chestplate":2},"minecraft:killed":{"minecraft:cave_spider":1,"minecraft:witch":1,"minecraft:spider":13,"minecraft:skeleton":38,"minecraft:chicken":5,"minecraft:pig":2,"minecraft:iron_golem":12,"minecraft:creeper":2,"minecraft:sheep":8,"minecraft:zombie":37,"minecraft:cow":11,"minecraft:drowned":5,"minecraft:enderman":1},"minecraft:used":{"minecraft:iron_shovel":215,"minecraft:poppy":23,"minecraft:ladder":9,"minecraft:chest":13,"minecraft:shield":126,"minecraft:iron_sword":495,"minecraft:bell":3,"minecraft:rotten_flesh":14,"minecraft:iron_chestplate":3,"minecraft:carrot":911,"minecraft:tuff":4,"minecraft:obsidian":4,"minecraft:spruce_boat":14,"minecraft:glass":5,"minecraft:lava_bucket":57,"minecraft:iron_helmet":2,"minecraft:bow":13,"minecraft:hay_block":3,"minecraft:furnace":9,"minecraft:oak_sapling":4,"minecraft:beetroot_seeds":3,"minecraft:egg":5,"minecraft:potato":231,"minecraft:diorite":3,"minecraft:stone_pickaxe":1004,"minecraft:oak_planks":3,"minecraft:wooden_pickaxe":12,"minecraft:composter":1,"minecraft:sugar_cane":299,"minecraft:diamond_axe":14,"minecraft:sand":20,"minecraft:blast_furnace":2,"minecraft:bread":129,"minecraft:gravel":1,"minecraft:grindstone":1,"minecraft:smithing_table":1,"minecraft:andesite":40,"minecraft:bone_meal":115,"minecraft:stone_sword":13,"minecraft:stone_shovel":651,"minecraft:redstone":5,"minecraft:spruce_planks":9,"minecraft:stone_hoe":636,"minecraft:cooked_chicken":4,"minecraft:torch":188,"minecraft:dirt":99,"minecraft:granite":29,"minecraft:iron_axe":109,"minecraft:iron_boots":2,"minecraft:cobbled_deepslate":353,"minecraft:iron_leggings":1,"minecraft:pointed_dripstone":5,"minecraft:calcite":4,"minecraft:wheat_seeds":617,"minecraft:cooked_mutton":5,"minecraft:water_bucket":80,"minecraft:cauldron":5,"minecraft:fletching_table":14,"minecraft:salmon":1,"minecraft:crafting_table":21,"minecraft:white_bed":14,"minecraft:diamond_pickaxe":686,"minecraft:iron_pickaxe":2146,"minecraft:stone_slab":2,"minecraft:stone_axe":3,"minecraft:cobblestone":1026,"minecraft:cooked_porkchop":31,"minecraft:bucket":141,"minecraft:yellow_bed":6},"minecraft:dropped":{"minecraft:iron_sword":2,"minecraft:diamond_axe":1,"minecraft:oak_log":2,"minecraft:crafting_table":1,"minecraft:dirt":247,"minecraft:iron_pickaxe":3,"minecraft:white_wool":4,"minecraft:gravel":2,"minecraft:stone_axe":2,"minecraft:cobbled_deepslate":128,"minecraft:wheat":2,"minecraft:rotten_flesh":27,"minecraft:oak_planks":1,"minecraft:cooked_mutton":1,"minecraft:carrot":150,"minecraft:poppy":1,"minecraft:beetroot_seeds":3,"minecraft:egg":1,"minecraft:stone_hoe":2,"minecraft:water_bucket":1,"minecraft:golden_boots":1,"minecraft:iron_ingot":1,"minecraft:bread":108,"minecraft:wheat_seeds":27,"minecraft:dripstone_block":1,"minecraft:diamond_leggings":1,"minecraft:poisonous_potato":1,"minecraft:feather":2,"minecraft:iron_helmet":1,"minecraft:cobblestone":24,"minecraft:granite":13,"minecraft:coal":65,"minecraft:stick":2,"minecraft:oxeye_daisy":1,"minecraft:lava_bucket":1,"minecraft:torch":81,"minecraft:diamond_helmet":1,"minecraft:iron_leggings":1,"minecraft:iron_axe":4,"minecraft:string":1,"minecraft:bucket":3,"minecraft:dandelion":3,"minecraft:stone_sword":3,"minecraft:raw_copper":47,"minecraft:tuff":4,"minecraft:raw_iron":93,"minecraft:composter":1,"minecraft:stone_shovel":1,"minecraft:clay_ball":16,"minecraft:iron_boots":3,"minecraft:shield":7,"minecraft:diamond_chestplate":1,"minecraft:spruce_planks":37,"minecraft:diamond_pickaxe":1,"minecraft:iron_chestplate":1,"minecraft:andesite":48,"minecraft:oak_sapling":2,"minecraft:spider_eye":3,"minecraft:diamond_boots":1,"minecraft:spruce_log":49,"minecraft:sandstone":21,"minecraft:bow":2,"minecraft:stone_pickaxe":15,"minecraft:raw_gold":1,"minecraft:black_wool":1,"minecraft:terracotta":2},"minecraft:picked_up":{"minecraft:wheat":483,"minecraft:iron_chestplate":12,"minecraft:smithing_table":1,"minecraft:brewing_stand":1,"minecraft:amethyst_block":64,"minecraft:string":89,"minecraft:raw_copper":170,"minecraft:iron_leggings":12,"minecraft:cobbled_deepslate":556,"minecraft:bucket":5,"minecraft:spruce_planks":62,"minecraft:calcite":132,"minecraft:iron_pickaxe":18,"minecraft:iron_boots":15,"minecraft:furnace":16,"minecraft:stick":155,"minecraft:composter":2,"minecraft:torch":212,"minecraft:porkchop":22,"minecraft:pointed_dripstone":54,"minecraft:diorite":21,"minecraft:stone_sword":2,"minecraft:rotten_flesh":117,"minecraft:cobblestone":3108,"minecraft:birch_log":3,"minecraft:feather":26,"minecraft:water_bucket":8,"minecraft:andesite":1225,"minecraft:brown_wool":2,"minecraft:potato":195,"minecraft:flint":35,"minecraft:tuff":10,"minecraft:lapis_lazuli":83,"minecraft:dirt":1315,"minecraft:name_tag":1,"minecraft:glass":5,"minecraft:bone":120,"minecraft:bow":8,"minecraft:wheat_seeds":947,"minecraft:raw_gold":78,"minecraft:bell":3,"minecraft:glowstone_dust":3,"minecraft:fletching_table":10,"minecraft:stone_hoe":3,"minecraft:oak_planks":99,"minecraft:cooked_porkchop":6,"minecraft:poisonous_potato":1,"minecraft:sand":80,"minecraft:diamond":40,"minecraft:spruce_boat":12,"minecraft:granite":362,"minecraft:bone_meal":1,"minecraft:bread":129,"minecraft:emerald":133,"minecraft:oak_sapling":6,"minecraft:diamond_pickaxe":4,"minecraft:crafting_table":17,"minecraft:chicken":6,"minecraft:ladder":3,"minecraft:clay_ball":428,"minecraft:gold_block":1,"minecraft:shield":19,"minecraft:iron_axe":7,"minecraft:iron_shovel":2,"minecraft:beef":35,"minecraft:poppy":24,"minecraft:chest":3,"minecraft:sugar_cane":994,"minecraft:egg":12,"minecraft:raw_iron":366,"minecraft:sandstone":39,"minecraft:carrot":1028,"minecraft:redstone":288,"minecraft:arrow":124,"minecraft:stone_shovel":5,"minecraft:beetroot_seeds":8,"minecraft:peony":1,"minecraft:shears":2,"minecraft:hay_block":72,"minecraft:mutton":14,"minecraft:white_wool":19,"minecraft:oxeye_daisy":1,"minecraft:salmon":3,"minecraft:leather":19,"minecraft:oak_log":35,"minecraft:golden_boots":1,"minecraft:yellow_bed":6,"minecraft:gunpowder":14,"minecraft:cooked_mutton":2,"minecraft:iron_ingot":106,"minecraft:stone_pickaxe":9,"minecraft:stripped_oak_wood":3,"minecraft:iron_sword":13,"minecraft:dandelion":3,"minecraft:dripstone_block":1,"minecraft:gravel":352,"minecraft:lava_bucket":17,"minecraft:amethyst_shard":4,"minecraft:blast_furnace":2,"minecraft:white_bed":9,"minecraft:spruce_log":1345,"minecraft:spider_eye":10,"minecraft:stone_axe":2,"minecraft:iron_helmet":13,"minecraft:terracotta":2,"minecraft:black_wool":3,"minecraft:coal":420},"minecraft:broken":{"minecraft:stone_pickaxe":7,"minecraft:iron_sword":1,"minecraft:stone_shovel":5,"minecraft:stone_hoe":4,"minecraft:shield":2,"minecraft:iron_pickaxe":5},"minecraft:killed_by":{"minecraft:zombie_villager":1,"minecraft:creeper":2,"minecraft:witch":1,"minecraft:zombie":2,"minecraft:iron_golem":1,"minecraft:skeleton":5},"minecraft:custom":{"minecraft:animals_bred":3,"minecraft:interact_with_crafting_table":126,"minecraft:leave_game":14,"minecraft:time_since_death":245966,"minecraft:sprint_one_cm":2244901,"minecraft:damage_blocked_by_shield":8047,"minecraft:drop":171,"minecraft:talked_to_villager":312,"minecraft:play_time":654137,"minecraft:deaths":16,"minecraft:jump":9093,"minecraft:walk_on_water_one_cm":118247,"minecraft:interact_with_furnace":87,"minecraft:traded_with_villager":531,"minecraft:sleep_in_bed":28,"minecraft:damage_dealt":31139,"minecraft:player_kills":1,"minecraft:crouch_one_cm":45160,"minecraft:use_cauldron":8,"minecraft:horse_one_cm":492,"minecraft:interact_with_smithing_table":11,"minecraft:mob_kills":141,"minecraft:climb_one_cm":23809,"minecraft:walk_one_cm":1898110,"minecraft:sneak_time":15001,"minecraft:walk_under_water_one_cm":78310,"minecraft:boat_one_cm":524483,"minecraft:interact_with_blast_furnace":28,"minecraft:total_world_time":654137,"minecraft:interact_with_grindstone":1,"minecraft:time_since_rest":36676,"minecraft:damage_taken":11272,"minecraft:swim_one_cm":187388,"minecraft:fly_one_cm":1723181,"minecraft:open_chest":210,"minecraft:fall_one_cm":219954},"minecraft:mined":{"minecraft:large_amethyst_bud":2,"minecraft:spruce_planks":10,"minecraft:white_bed":7,"minecraft:farmland":2,"minecraft:brewing_stand":1,"minecraft:granite":104,"minecraft:budding_amethyst":12,"minecraft:grass_block":259,"minecraft:composter":2,"minecraft:iron_ore":66,"minecraft:cobbled_deepslate":31,"minecraft:fire":11,"minecraft:fletching_table":10,"minecraft:deepslate_lapis_ore":8,"minecraft:dirt_path":17,"minecraft:small_amethyst_bud":1,"minecraft:deepslate_redstone_ore":13,"minecraft:medium_amethyst_bud":2,"minecraft:amethyst_cluster":1,"minecraft:clay":34,"minecraft:torch":50,"minecraft:blast_furnace":2,"minecraft:calcite":138,"minecraft:poppy":6,"minecraft:chest":3,"minecraft:cobblestone":168,"minecraft:sugar_cane":648,"minecraft:oak_planks":9,"minecraft:wall_torch":50,"minecraft:amethyst_block":70,"minecraft:seagrass":1,"minecraft:wheat":396,"minecraft:stripped_oak_wood":3,"minecraft:oak_log":27,"minecraft:beetroots":8,"minecraft:sand":44,"minecraft:dirt":592,"minecraft:smooth_basalt":2,"minecraft:stonecutter":1,"minecraft:oak_leaves":3,"minecraft:deepslate":407,"minecraft:tuff":8,"minecraft:deepslate_diamond_ore":18,"minecraft:redstone_wire":5,"minecraft:sandstone":18,"minecraft:hay_block":70,"minecraft:redstone_ore":6,"minecraft:furnace":4,"minecraft:carrots":475,"minecraft:andesite":414,"minecraft:gold_block":1,"minecraft:bell":3,"minecraft:potatoes":77,"minecraft:deepslate_iron_ore":122,"minecraft:stone":1777,"minecraft:white_tulip":1,"minecraft:smithing_table":1,"minecraft:dandelion":2,"minecraft:crafting_table":12,"minecraft:short_grass":172,"minecraft:emerald_ore":4,"minecraft:stone_slab":1,"minecraft:tall_grass":10,"minecraft:copper_ore":12,"minecraft:lapis_ore":5,"minecraft:deepslate_gold_ore":50,"minecraft:diorite":15,"minecraft:yellow_bed":5,"minecraft:coal_ore":263,"minecraft:gravel":173,"minecraft:dripstone_block":1,"minecraft:cobweb":24,"minecraft:terracotta":2,"minecraft:gold_ore":2}},"DataVersion":3700}