{"stats":{"minecraft:killed":{"minecraft:cave_spider":1,"minecraft:witch":1,"minecraft:spider":13,"minecraft:skeleton":38,"minecraft:chicken":5,"minecraft:pig":2,"minecraft:iron_golem":12,"minecraft:creeper":2,"minecraft:sheep":8,"minecraft:zombie":36,"minecraft:cow":11,"minecraft:drowned":5,"minecraft:enderman":1},"minecraft:dropped":{"minecraft:iron_sword":2,"minecraft:diamond_axe":1,"minecraft:crafting_table":1,"minecraft:dirt":246,"minecraft:iron_pickaxe":3,"minecraft:white_wool":4,"minecraft:gravel":2,"minecraft:stone_axe":2,"minecraft:wheat":2,"minecraft:rotten_flesh":20,"minecraft:oak_planks":1,"minecraft:cooked_mutton":1,"minecraft:poppy":1,"minecraft:beetroot_seeds":3,"minecraft:egg":1,"minecraft:stone_hoe":1,"minecraft:water_bucket":1,"minecraft:golden_boots":1,"minecraft:iron_ingot":1,"minecraft:bread":108,"minecraft:wheat_seeds":23,"minecraft:feather":2,"minecraft:iron_helmet":1,"minecraft:cobblestone":8,"minecraft:granite":11,"minecraft:coal":64,"minecraft:stick":2,"minecraft:oxeye_daisy":1,"minecraft:lava_bucket":1,"minecraft:torch":6,"minecraft:iron_leggings":1,"minecraft:iron_axe":3,"minecraft:string":1,"minecraft:bucket":3,"minecraft:dandelion":3,"minecraft:stone_sword":3,"minecraft:raw_copper":41,"minecraft:tuff":4,"minecraft:raw_iron":93,"minecraft:composter":1,"minecraft:stone_shovel":1,"minecraft:clay_ball":16,"minecraft:iron_boots":3,"minecraft:shield":6,"minecraft:spruce_planks":36,"minecraft:iron_chestplate":1,"minecraft:andesite":44,"minecraft:oak_sapling":2,"minecraft:spider_eye":3,"minecraft:spruce_log":49,"minecraft:sandstone":21,"minecraft:bow":2,"minecraft:stone_pickaxe":15,"minecraft:raw_gold":1,"minecraft:black_wool":1,"minecraft:terracotta":2},"minecraft:mined":{"minecraft:large_amethyst_bud":2,"minecraft:spruce_planks":9,"minecraft:white_bed":7,"minecraft:brewing_stand":1,"minecraft:granite":104,"minecraft:budding_amethyst":12,"minecraft:grass_block":255,"minecraft:composter":2,"minecraft:iron_ore":66,"minecraft:cobbled_deepslate":1,"minecraft:fire":11,"minecraft:fletching_table":10,"minecraft:deepslate_lapis_ore":8,"minecraft:dirt_path":17,"minecraft:small_amethyst_bud":1,"minecraft:deepslate_redstone_ore":13,"minecraft:medium_amethyst_bud":2,"minecraft:amethyst_cluster":1,"minecraft:clay":34,"minecraft:torch":19,"minecraft:blast_furnace":2,"minecraft:calcite":134,"minecraft:poppy":6,"minecraft:chest":2,"minecraft:cobblestone":141,"minecraft:sugar_cane":498,"minecraft:oak_planks":9,"minecraft:wall_torch":38,"minecraft:amethyst_block":70,"minecraft:seagrass":1,"minecraft:wheat":147,"minecraft:stripped_oak_wood":3,"minecraft:oak_log":21,"minecraft:beetroots":8,"minecraft:sand":44,"minecraft:dirt":591,"minecraft:smooth_basalt":2,"minecraft:stonecutter":1,"minecraft:oak_leaves":3,"minecraft:deepslate":407,"minecraft:tuff":8,"minecraft:deepslate_diamond_ore":18,"minecraft:redstone_wire":5,"minecraft:sandstone":18,"minecraft:hay_block":70,"minecraft:redstone_ore":6,"minecraft:furnace":4,"minecraft:carrots":156,"minecraft:andesite":410,"minecraft:gold_block":1,"minecraft:bell":3,"minecraft:potatoes":32,"minecraft:deepslate_iron_ore":122,"minecraft:stone":1197,"minecraft:white_tulip":1,"minecraft:smithing_table":1,"minecraft:dandelion":2,"minecraft:crafting_table":12,"minecraft:short_grass":172,"minecraft:emerald_ore":3,"minecraft:tall_grass":10,"minecraft:copper_ore":11,"minecraft:lapis_ore":5,"minecraft:deepslate_gold_ore":50,"minecraft:yellow_bed":5,"minecraft:coal_ore":257,"minecraft:gravel":64,"minecraft:dripstone_block":1,"minecraft:cobweb":24,"minecraft:terracotta":2,"minecraft:gold_ore":2},"minecraft:crafted":{"minecraft:grindstone":1,"minecraft:oak_planks":112,"minecraft:cooked_chicken":4,"minecraft:stone":3,"minecraft:cooked_mutton":4,"minecraft:glass":10,"minecraft:diamond_leggings":1,"minecraft:iron_boots":2,"minecraft:chest":8,"minecraft:stone_hoe":4,"minecraft:emerald":211,"minecraft:cauldron":5,"minecraft:cooked_porkchop":16,"minecraft:diamond_axe":2,"minecraft:crafting_table":8,"minecraft:spruce_planks":2752,"minecraft:wooden_pickaxe":1,"minecraft:iron_helmet":13,"minecraft:chainmail_chestplate":11,"minecraft:fletching_table":2,"minecraft:hay_block":13,"minecraft:iron_chestplate":2,"minecraft:diamond_pickaxe":1,"minecraft:shield":7,"minecraft:stick":5348,"minecraft:stone_slab":6,"minecraft:iron_ingot":208,"minecraft:iron_pickaxe":15,"minecraft:stone_sword":1,"minecraft:shears":1,"minecraft:stone_shovel":5,"minecraft:furnace":4,"minecraft:bone_meal":66,"minecraft:iron_axe":4,"minecraft:ladder":6,"minecraft:stone_pickaxe":19,"minecraft:diamond_boots":1,"minecraft:spruce_boat":4,"minecraft:wheat":558,"minecraft:iron_sword":3,"minecraft:bucket":6,"minecraft:stone_axe":1,"minecraft:bread":179,"minecraft:air":0,"minecraft:chainmail_boots":12,"minecraft:iron_shovel":1,"minecraft:iron_leggings":2,"minecraft:white_bed":5,"minecraft:torch":68},"minecraft:picked_up":{"minecraft:wheat":264,"minecraft:iron_chestplate":12,"minecraft:smithing_table":1,"minecraft:brewing_stand":1,"minecraft:amethyst_block":64,"minecraft:string":89,"minecraft:raw_copper":158,"minecraft:iron_leggings":12,"minecraft:cobbled_deepslate":527,"minecraft:bucket":5,"minecraft:spruce_planks":54,"minecraft:calcite":128,"minecraft:iron_pickaxe":18,"minecraft:iron_boots":15,"minecraft:furnace":16,"minecraft:stick":155,"minecraft:composter":2,"minecraft:torch":154,"minecraft:porkchop":22,"minecraft:pointed_dripstone":54,"minecraft:diorite":6,"minecraft:stone_sword":2,"minecraft:rotten_flesh":116,"minecraft:cobblestone":2113,"minecraft:birch_log":3,"minecraft:feather":26,"minecraft:water_bucket":8,"minecraft:andesite":1201,"minecraft:brown_wool":2,"minecraft:potato":58,"minecraft:flint":30,"minecraft:tuff":10,"minecraft:lapis_lazuli":83,"minecraft:dirt":1314,"minecraft:name_tag":1,"minecraft:glass":5,"minecraft:bone":120,"minecraft:bow":8,"minecraft:wheat_seeds":368,"minecraft:raw_gold":78,"minecraft:bell":3,"minecraft:fletching_table":10,"minecraft:glowstone_dust":3,"minecraft:stone_hoe":3,"minecraft:oak_planks":99,"minecraft:cooked_porkchop":6,"minecraft:sand":80,"minecraft:diamond":40,"minecraft:spruce_boat":12,"minecraft:granite":362,"minecraft:bread":129,"minecraft:emerald":132,"minecraft:oak_sapling":6,"minecraft:diamond_pickaxe":4,"minecraft:crafting_table":17,"minecraft:chicken":6,"minecraft:ladder":3,"minecraft:clay_ball":428,"minecraft:gold_block":1,"minecraft:shield":18,"minecraft:iron_axe":7,"minecraft:iron_shovel":2,"minecraft:beef":35,"minecraft:poppy":24,"minecraft:chest":2,"minecraft:sugar_cane":771,"minecraft:egg":12,"minecraft:raw_iron":366,"minecraft:sandstone":39,"minecraft:carrot":481,"minecraft:redstone":288,"minecraft:arrow":124,"minecraft:stone_shovel":5,"minecraft:beetroot_seeds":8,"minecraft:peony":1,"minecraft:shears":2,"minecraft:hay_block":72,"minecraft:mutton":14,"minecraft:white_wool":19,"minecraft:oxeye_daisy":1,"minecraft:salmon":2,"minecraft:leather":19,"minecraft:oak_log":27,"minecraft:golden_boots":1,"minecraft:yellow_bed":6,"minecraft:gunpowder":14,"minecraft:cooked_mutton":2,"minecraft:iron_ingot":106,"minecraft:stone_pickaxe":9,"minecraft:stripped_oak_wood":3,"minecraft:iron_sword":13,"minecraft:dandelion":3,"minecraft:dripstone_block":1,"minecraft:gravel":199,"minecraft:lava_bucket":17,"minecraft:amethyst_shard":4,"minecraft:blast_furnace":2,"minecraft:white_bed":9,"minecraft:spruce_log":236,"minecraft:spider_eye":10,"minecraft:stone_axe":2,"minecraft:iron_helmet":12,"minecraft:terracotta":2,"minecraft:black_wool":3,"minecraft:coal":414},"minecraft:custom":{"minecraft:animals_bred":3,"minecraft:interact_with_crafting_table":110,"minecraft:leave_game":11,"minecraft:time_since_death":145679,"minecraft:sprint_one_cm":1842121,"minecraft:damage_blocked_by_shield":8047,"minecraft:drop":142,"minecraft:talked_to_villager":199,"minecraft:play_time":553850,"minecraft:deaths":16,"minecraft:jump":8408,"minecraft:walk_on_water_one_cm":103479,"minecraft:interact_with_furnace":85,"minecraft:traded_with_villager":272,"minecraft:sleep_in_bed":25,"minecraft:damage_dealt":30915,"minecraft:player_kills":1,"minecraft:crouch_one_cm":42209,"minecraft:use_cauldron":2,"minecraft:horse_one_cm":492,"minecraft:interact_with_smithing_table":9,"minecraft:mob_kills":140,"minecraft:climb_one_cm":20234,"minecraft:walk_one_cm":1498800,"minecraft:sneak_time":13817,"minecraft:walk_under_water_one_cm":72769,"minecraft:boat_one_cm":509969,"minecraft:interact_with_blast_furnace":21,"minecraft:total_world_time":553850,"minecraft:time_since_rest":32507,"minecraft:damage_taken":11032,"minecraft:swim_one_cm":160633,"minecraft:fly_one_cm":1586720,"minecraft:open_chest":150,"minecraft:fall_one_cm":209519},"minecraft:broken":{"minecraft:stone_pickaxe":7,"minecraft:iron_sword":1,"minecraft:stone_shovel":5,"minecraft:stone_hoe":3,"minecraft:shield":2,"minecraft:iron_pickaxe":5},"minecraft:killed_by":{"minecraft:zombie_villager":1,"minecraft:creeper":2,"minecraft:witch":1,"minecraft:zombie":2,"minecraft:iron_golem":1,"minecraft:skeleton":5},"minecraft:used":{"minecraft:iron_shovel":215,"minecraft:poppy":23,"minecraft:ladder":9,"minecraft:chest":10,"minecraft:shield":126,"minecraft:iron_sword":484,"minecraft:bell":3,"minecraft:rotten_flesh":14,"minecraft:iron_chestplate":3,"minecraft:carrot":463,"minecraft:tuff":4,"minecraft:spruce_boat":13,"minecraft:glass":5,"minecraft:lava_bucket":47,"minecraft:iron_helmet":2,"minecraft:bow":4,"minecraft:hay_block":3,"minecraft:furnace":9,"minecraft:oak_sapling":4,"minecraft:beetroot_seeds":3,"minecraft:egg":5,"minecraft:potato":58,"minecraft:diorite":3,"minecraft:stone_pickaxe":1004,"minecraft:oak_planks":3,"minecraft:wooden_pickaxe":12,"minecraft:composter":1,"minecraft:sugar_cane":299,"minecraft:diamond_axe":6,"minecraft:sand":20,"minecraft:blast_furnace":2,"minecraft:bread":105,"minecraft:gravel":1,"minecraft:grindstone":1,"minecraft:smithing_table":1,"minecraft:andesite":40,"minecraft:bone_meal":66,"minecraft:stone_sword":13,"minecraft:stone_shovel":651,"minecraft:redstone":5,"minecraft:spruce_planks":9,"minecraft:stone_hoe":434,"minecraft:cooked_chicken":4,"minecraft:torch":128,"minecraft:dirt":99,"minecraft:granite":29,"minecraft:iron_axe":109,"minecraft:iron_boots":2,"minecraft:cobbled_deepslate":4,"minecraft:iron_leggings":1,"minecraft:pointed_dripstone":5,"minecraft:wheat_seeds":329,"minecraft:cooked_mutton":5,"minecraft:water_bucket":48,"minecraft:cauldron":5,"minecraft:fletching_table":12,"minecraft:crafting_table":20,"minecraft:white_bed":14,"minecraft:iron_pickaxe":2129,"minecraft:stone_axe":3,"minecraft:cobblestone":900,"minecraft:cooked_porkchop":31,"minecraft:bucket":100,"minecraft:yellow_bed":6}},"DataVersion":3700}