{"stats":{"minecraft:crafted":{"minecraft:black_dye":9,"minecraft:grindstone":1,"minecraft:oak_planks":152,"minecraft:cooked_chicken":4,"minecraft:chain":39,"minecraft:stone":3,"minecraft:cooked_mutton":4,"minecraft:glass":10,"minecraft:diamond_helmet":3,"minecraft:diamond_leggings":4,"minecraft:iron_boots":2,"minecraft:chest":12,"minecraft:black_wool":2,"minecraft:stone_hoe":5,"minecraft:emerald":623,"minecraft:cauldron":5,"minecraft:cooked_porkchop":16,"minecraft:diamond_axe":3,"minecraft:crafting_table":10,"minecraft:spruce_planks":9111,"minecraft:wooden_pickaxe":1,"minecraft:iron_helmet":13,"minecraft:chainmail_chestplate":11,"minecraft:cobbled_deepslate_wall":6,"minecraft:fletching_table":4,"minecraft:gold_block":3,"minecraft:hay_block":13,"minecraft:birch_planks":12,"minecraft:iron_chestplate":2,"minecraft:diamond_pickaxe":4,"minecraft:shield":7,"minecraft:stick":18337,"minecraft:stone_slab":6,"minecraft:iron_ingot":208,"minecraft:iron_pickaxe":15,"minecraft:stone_sword":1,"minecraft:gold_ingot":37,"minecraft:black_bed":1,"minecraft:shears":2,"minecraft:cobbled_deepslate_slab":6,"minecraft:stone_shovel":5,"minecraft:iron_nugget":81,"minecraft:furnace":4,"minecraft:bone_meal":114,"minecraft:glass_pane":64,"minecraft:flint_and_steel":1,"minecraft:iron_axe":4,"minecraft:ladder":9,"minecraft:stone_pickaxe":19,"minecraft:diamond_boots":3,"minecraft:cobbled_deepslate_stairs":16,"minecraft:spruce_boat":5,"minecraft:wheat":558,"minecraft:diamond_sword":3,"minecraft:iron_sword":3,"minecraft:bucket":6,"minecraft:stone_axe":1,"minecraft:bread":179,"minecraft:air":0,"minecraft:black_stained_glass":16,"minecraft:chainmail_boots":12,"minecraft:black_stained_glass_pane":48,"minecraft:iron_shovel":1,"minecraft:iron_leggings":2,"minecraft:white_bed":9,"minecraft:torch":196,"minecraft:diamond_chestplate":3},"minecraft:killed":{"minecraft:cave_spider":2,"minecraft:witch":1,"minecraft:spider":13,"minecraft:skeleton":41,"minecraft:chicken":5,"minecraft:pig":2,"minecraft:iron_golem":13,"minecraft:creeper":3,"minecraft:sheep":8,"minecraft:zombie":50,"minecraft:cow":11,"minecraft:drowned":6,"minecraft:squid":8,"minecraft:enderman":1},"minecraft:used":{"minecraft:iron_shovel":215,"minecraft:ladder":9,"minecraft:poppy":26,"minecraft:chest":15,"minecraft:shield":149,"minecraft:iron_sword":603,"minecraft:bell":3,"minecraft:rotten_flesh":14,"minecraft:iron_chestplate":3,"minecraft:carrot":960,"minecraft:tuff":4,"minecraft:obsidian":4,"minecraft:spruce_boat":14,"minecraft:glass":5,"minecraft:lava_bucket":89,"minecraft:black_stained_glass_pane":43,"minecraft:iron_helmet":2,"minecraft:bow":15,"minecraft:hay_block":3,"minecraft:oak_sapling":4,"minecraft:furnace":9,"minecraft:beetroot_seeds":3,"minecraft:egg":5,"minecraft:potato":498,"minecraft:diorite":19,"minecraft:oak_planks":3,"minecraft:stone_pickaxe":1004,"minecraft:wooden_pickaxe":12,"minecraft:composter":1,"minecraft:sugar_cane":300,"minecraft:diamond_axe":20,"minecraft:sand":20,"minecraft:blast_furnace":2,"minecraft:black_bed":2,"minecraft:cobbled_deepslate_stairs":15,"minecraft:bread":171,"minecraft:gravel":38,"minecraft:grindstone":1,"minecraft:smithing_table":1,"minecraft:andesite":43,"minecraft:chain":52,"minecraft:bone_meal":115,"minecraft:stone_sword":13,"minecraft:flint_and_steel":1,"minecraft:stone_shovel":651,"minecraft:redstone":5,"minecraft:spruce_planks":9,"minecraft:cooked_chicken":4,"minecraft:stone_hoe":636,"minecraft:torch":244,"minecraft:dirt":99,"minecraft:granite":35,"minecraft:iron_hoe":143,"minecraft:iron_axe":109,"minecraft:iron_boots":2,"minecraft:black_stained_glass":3,"minecraft:cobbled_deepslate":441,"minecraft:pointed_dripstone":5,"minecraft:iron_leggings":1,"minecraft:cobbled_deepslate_wall":13,"minecraft:calcite":4,"minecraft:wheat_seeds":617,"minecraft:cooked_mutton":5,"minecraft:water_bucket":103,"minecraft:cauldron":5,"minecraft:fletching_table":14,"minecraft:salmon":1,"minecraft:crafting_table":23,"minecraft:white_bed":24,"minecraft:diamond_pickaxe":1071,"minecraft:iron_pickaxe":2146,"minecraft:stone_slab":2,"minecraft:stone_axe":3,"minecraft:cobblestone":1087,"minecraft:cobbled_deepslate_slab":3,"minecraft:cooked_porkchop":31,"minecraft:bucket":197,"minecraft:yellow_bed":6},"minecraft:dropped":{"minecraft:iron_sword":2,"minecraft:diamond_axe":2,"minecraft:oak_log":2,"minecraft:crafting_table":1,"minecraft:rail":1,"minecraft:dirt":257,"minecraft:black_stained_glass_pane":2,"minecraft:chain":9,"minecraft:iron_pickaxe":3,"minecraft:white_wool":4,"minecraft:gravel":11,"minecraft:stone_axe":2,"minecraft:sugar_cane":54,"minecraft:iron_nugget":3,"minecraft:cobbled_deepslate":128,"minecraft:wheat":2,"minecraft:rotten_flesh":28,"minecraft:oak_planks":1,"minecraft:cooked_mutton":1,"minecraft:carrot":150,"minecraft:poppy":1,"minecraft:beetroot_seeds":3,"minecraft:ladder":3,"minecraft:egg":1,"minecraft:water_bucket":1,"minecraft:stone_hoe":2,"minecraft:golden_boots":1,"minecraft:iron_ingot":1,"minecraft:bread":108,"minecraft:wheat_seeds":27,"minecraft:cobbled_deepslate_stairs":7,"minecraft:dripstone_block":1,"minecraft:diamond_leggings":2,"minecraft:poisonous_potato":1,"minecraft:oak_fence":2,"minecraft:cobblestone":24,"minecraft:iron_helmet":2,"minecraft:feather":2,"minecraft:granite":13,"minecraft:coal":65,"minecraft:stick":14,"minecraft:oxeye_daisy":1,"minecraft:lava_bucket":1,"minecraft:diorite":5,"minecraft:torch":81,"minecraft:diamond_helmet":2,"minecraft:iron_leggings":1,"minecraft:iron_axe":4,"minecraft:string":1,"minecraft:bucket":5,"minecraft:dandelion":3,"minecraft:stone_sword":3,"minecraft:raw_copper":47,"minecraft:tuff":4,"minecraft:stone_shovel":1,"minecraft:composter":1,"minecraft:raw_iron":93,"minecraft:clay_ball":16,"minecraft:iron_boots":3,"minecraft:iron_hoe":1,"minecraft:stone_slab":3,"minecraft:glass_pane":8,"minecraft:diamond_sword":1,"minecraft:shield":7,"minecraft:diamond_chestplate":2,"minecraft:spruce_planks":37,"minecraft:diamond_pickaxe":2,"minecraft:iron_chestplate":1,"minecraft:andesite":82,"minecraft:oak_sapling":2,"minecraft:spider_eye":3,"minecraft:spruce_log":49,"minecraft:diamond_boots":2,"minecraft:sandstone":21,"minecraft:bow":2,"minecraft:stone_pickaxe":15,"minecraft:raw_gold":1,"minecraft:black_wool":2,"minecraft:terracotta":2},"minecraft:picked_up":{"minecraft:iron_chestplate":12,"minecraft:wheat":483,"minecraft:smithing_table":1,"minecraft:brewing_stand":1,"minecraft:amethyst_block":64,"minecraft:string":116,"minecraft:raw_copper":182,"minecraft:iron_leggings":12,"minecraft:cobbled_deepslate":636,"minecraft:bucket":6,"minecraft:spruce_planks":255,"minecraft:calcite":132,"minecraft:iron_pickaxe":18,"minecraft:iron_boots":15,"minecraft:furnace":16,"minecraft:stick":161,"minecraft:composter":2,"minecraft:oak_fence":4,"minecraft:torch":244,"minecraft:porkchop":22,"minecraft:pointed_dripstone":56,"minecraft:diorite":27,"minecraft:black_dye":1,"minecraft:stone_sword":2,"minecraft:rotten_flesh":133,"minecraft:cobblestone":3254,"minecraft:birch_log":3,"minecraft:feather":26,"minecraft:water_bucket":8,"minecraft:andesite":1242,"minecraft:black_bed":1,"minecraft:brown_wool":2,"minecraft:potato":457,"minecraft:flint":36,"minecraft:tuff":15,"minecraft:lapis_lazuli":112,"minecraft:dirt":1326,"minecraft:name_tag":1,"minecraft:glass":107,"minecraft:bone":125,"minecraft:bow":8,"minecraft:wheat_seeds":947,"minecraft:cobbled_deepslate_wall":13,"minecraft:raw_gold":100,"minecraft:cobbled_deepslate_slab":3,"minecraft:bell":3,"minecraft:fletching_table":10,"minecraft:glowstone_dust":3,"minecraft:stone_hoe":3,"minecraft:oak_planks":99,"minecraft:cooked_porkchop":6,"minecraft:poisonous_potato":1,"minecraft:black_stained_glass_pane":4,"minecraft:sand":80,"minecraft:ink_sac":20,"minecraft:iron_hoe":1,"minecraft:diamond":49,"minecraft:spruce_boat":12,"minecraft:granite":364,"minecraft:bone_meal":1,"minecraft:emerald":134,"minecraft:bread":161,"minecraft:oak_sapling":6,"minecraft:diamond_pickaxe":4,"minecraft:crafting_table":19,"minecraft:chicken":6,"minecraft:ladder":3,"minecraft:clay_ball":428,"minecraft:gold_block":1,"minecraft:chain":22,"minecraft:shield":19,"minecraft:iron_axe":7,"minecraft:iron_shovel":2,"minecraft:beef":35,"minecraft:poppy":27,"minecraft:chest":3,"minecraft:sugar_cane":1592,"minecraft:egg":12,"minecraft:raw_iron":401,"minecraft:sandstone":39,"minecraft:carrot":1044,"minecraft:redstone":321,"minecraft:arrow":128,"minecraft:stone_shovel":5,"minecraft:beetroot_seeds":8,"minecraft:peony":1,"minecraft:shears":2,"minecraft:hay_block":72,"minecraft:mutton":14,"minecraft:rail":3,"minecraft:white_wool":39,"minecraft:oxeye_daisy":1,"minecraft:salmon":3,"minecraft:leather":19,"minecraft:oak_log":35,"minecraft:yellow_bed":6,"minecraft:golden_boots":1,"minecraft:cobbled_deepslate_stairs":6,"minecraft:gunpowder":14,"minecraft:cooked_mutton":2,"minecraft:iron_ingot":109,"minecraft:stone_pickaxe":9,"minecraft:stripped_oak_wood":3,"minecraft:iron_sword":13,"minecraft:dandelion":3,"minecraft:dripstone_block":3,"minecraft:gravel":386,"minecraft:lava_bucket":17,"minecraft:amethyst_shard":4,"minecraft:blast_furnace":2,"minecraft:white_bed":16,"minecraft:spruce_log":1719,"minecraft:spider_eye":11,"minecraft:stone_axe":2,"minecraft:iron_helmet":13,"minecraft:terracotta":2,"minecraft:black_wool":3,"minecraft:coal":420},"minecraft:broken":{"minecraft:stone_pickaxe":7,"minecraft:iron_sword":1,"minecraft:stone_shovel":5,"minecraft:stone_hoe":4,"minecraft:shield":2,"minecraft:iron_pickaxe":5},"minecraft:killed_by":{"minecraft:zombie_villager":1,"minecraft:creeper":2,"minecraft:witch":1,"minecraft:zombie":2,"minecraft:iron_golem":1,"minecraft:skeleton":5},"minecraft:custom":{"minecraft:animals_bred":3,"minecraft:interact_with_crafting_table":151,"minecraft:leave_game":16,"minecraft:time_since_death":401206,"minecraft:sprint_one_cm":2912541,"minecraft:damage_blocked_by_shield":8926,"minecraft:drop":202,"minecraft:talked_to_villager":380,"minecraft:play_time":809377,"minecraft:deaths":16,"minecraft:jump":10731,"minecraft:walk_on_water_one_cm":144740,"minecraft:interact_with_furnace":88,"minecraft:traded_with_villager":702,"minecraft:sleep_in_bed":33,"minecraft:damage_dealt":36106,"minecraft:player_kills":1,"minecraft:crouch_one_cm":58104,"minecraft:use_cauldron":31,"minecraft:horse_one_cm":492,"minecraft:interact_with_smithing_table":11,"minecraft:mob_kills":170,"minecraft:fill_cauldron":1,"minecraft:climb_one_cm":32516,"minecraft:walk_one_cm":2356984,"minecraft:sneak_time":19717,"minecraft:walk_under_water_one_cm":91678,"minecraft:boat_one_cm":699245,"minecraft:interact_with_blast_furnace":30,"minecraft:total_world_time":809377,"minecraft:interact_with_grindstone":1,"minecraft:time_since_rest":39771,"minecraft:damage_taken":12551,"minecraft:swim_one_cm":232876,"minecraft:fly_one_cm":1963403,"minecraft:open_chest":263,"minecraft:fall_one_cm":254742},"minecraft:mined":{"minecraft:large_amethyst_bud":2,"minecraft:spruce_planks":10,"minecraft:white_bed":14,"minecraft:farmland":2,"minecraft:cobbled_deepslate_stairs":6,"minecraft:brewing_stand":1,"minecraft:granite":106,"minecraft:budding_amethyst":12,"minecraft:grass_block":275,"minecraft:composter":2,"minecraft:tall_seagrass":4,"minecraft:iron_ore":66,"minecraft:cobbled_deepslate":76,"minecraft:fire":11,"minecraft:fletching_table":10,"minecraft:deepslate_lapis_ore":12,"minecraft:pointed_dripstone":1,"minecraft:dirt_path":17,"minecraft:small_amethyst_bud":1,"minecraft:deepslate_redstone_ore":20,"minecraft:medium_amethyst_bud":2,"minecraft:amethyst_cluster":1,"minecraft:clay":34,"minecraft:torch":58,"minecraft:blast_furnace":2,"minecraft:calcite":138,"minecraft:poppy":8,"minecraft:chest":3,"minecraft:cobblestone":186,"minecraft:sugar_cane":1036,"minecraft:oak_planks":9,"minecraft:wall_torch":74,"minecraft:amethyst_block":70,"minecraft:seagrass":1,"minecraft:chain":13,"minecraft:wheat":396,"minecraft:stripped_oak_wood":3,"minecraft:black_bed":1,"minecraft:oak_log":27,"minecraft:beetroots":8,"minecraft:sand":44,"minecraft:dirt":593,"minecraft:smooth_basalt":2,"minecraft:stonecutter":1,"minecraft:oak_leaves":3,"minecraft:deepslate":458,"minecraft:tuff":15,"minecraft:deepslate_diamond_ore":27,"minecraft:cobbled_deepslate_slab":3,"minecraft:redstone_wire":5,"minecraft:sandstone":18,"minecraft:hay_block":70,"minecraft:black_stained_glass_pane":1,"minecraft:redstone_ore":6,"minecraft:furnace":4,"minecraft:carrots":493,"minecraft:andesite":414,"minecraft:gold_block":1,"minecraft:bell":3,"minecraft:potatoes":113,"minecraft:deepslate_iron_ore":157,"minecraft:stone":1910,"minecraft:white_tulip":1,"minecraft:smithing_table":1,"minecraft:dandelion":2,"minecraft:oak_fence":2,"minecraft:crafting_table":14,"minecraft:cobbled_deepslate_wall":13,"minecraft:short_grass":176,"minecraft:emerald_ore":5,"minecraft:stone_slab":1,"minecraft:tall_grass":11,"minecraft:copper_ore":14,"minecraft:lapis_ore":5,"minecraft:deepslate_gold_ore":65,"minecraft:diorite":17,"minecraft:black_stained_glass":3,"minecraft:yellow_bed":5,"minecraft:coal_ore":263,"minecraft:gravel":185,"minecraft:dripstone_block":3,"minecraft:cobweb":49,"minecraft:terracotta":2,"minecraft:gold_ore":10}},"DataVersion":3700}