{"stats":{"minecraft:used":{"minecraft:stone_sword":13,"minecraft:iron_shovel":62,"minecraft:redstone":5,"minecraft:shield":56,"minecraft:iron_sword":89,"minecraft:rotten_flesh":14,"minecraft:cooked_chicken":2,"minecraft:iron_chestplate":2,"minecraft:torch":22,"minecraft:dirt":4,"minecraft:granite":3,"minecraft:lava_bucket":32,"minecraft:iron_axe":1,"minecraft:iron_helmet":1,"minecraft:iron_boots":2,"minecraft:furnace":7,"minecraft:cobbled_deepslate":1,"minecraft:iron_leggings":1,"minecraft:cooked_mutton":5,"minecraft:water_bucket":6,"minecraft:diorite":3,"minecraft:stone_pickaxe":145,"minecraft:oak_planks":1,"minecraft:wooden_pickaxe":12,"minecraft:crafting_table":7,"minecraft:bread":1,"minecraft:iron_pickaxe":449,"minecraft:stone_axe":3,"minecraft:cobblestone":63,"minecraft:andesite":7,"minecraft:bucket":41},"minecraft:mined":{"minecraft:tuff":6,"minecraft:deepslate_diamond_ore":8,"minecraft:granite":7,"minecraft:grass_block":4,"minecraft:redstone_wire":5,"minecraft:redstone_ore":4,"minecraft:furnace":4,"minecraft:iron_ore":37,"minecraft:andesite":27,"minecraft:deepslate_iron_ore":13,"minecraft:stone":279,"minecraft:deepslate_redstone_ore":7,"minecraft:crafting_table":5,"minecraft:torch":7,"minecraft:short_grass":7,"minecraft:cobblestone":13,"minecraft:deepslate_gold_ore":15,"minecraft:sugar_cane":8,"minecraft:wall_torch":12,"minecraft:coal_ore":36,"minecraft:oak_log":4,"minecraft:gravel":59,"minecraft:dirt":17,"minecraft:deepslate":132},"minecraft:picked_up":{"minecraft:crafting_table":9,"minecraft:iron_chestplate":7,"minecraft:chicken":3,"minecraft:shield":8,"minecraft:string":11,"minecraft:raw_copper":18,"minecraft:iron_axe":1,"minecraft:iron_leggings":7,"minecraft:iron_shovel":2,"minecraft:cobbled_deepslate":253,"minecraft:bucket":1,"minecraft:iron_pickaxe":17,"minecraft:sugar_cane":153,"minecraft:iron_boots":7,"minecraft:furnace":16,"minecraft:stick":16,"minecraft:raw_iron":142,"minecraft:torch":42,"minecraft:diorite":6,"minecraft:redstone":250,"minecraft:rotten_flesh":73,"minecraft:stone_sword":2,"minecraft:arrow":32,"minecraft:stone_shovel":1,"minecraft:white_wool":4,"minecraft:cobblestone":693,"minecraft:feather":20,"minecraft:water_bucket":6,"minecraft:andesite":34,"minecraft:flint":29,"minecraft:tuff":6,"minecraft:oak_log":10,"minecraft:gunpowder":11,"minecraft:dirt":21,"minecraft:name_tag":1,"minecraft:cooked_mutton":2,"minecraft:bone":46,"minecraft:wheat_seeds":3,"minecraft:raw_gold":40,"minecraft:iron_ingot":12,"minecraft:stone_pickaxe":3,"minecraft:oak_planks":66,"minecraft:iron_sword":9,"minecraft:lava_bucket":12,"minecraft:gravel":194,"minecraft:spider_eye":3,"minecraft:diamond":30,"minecraft:stone_axe":2,"minecraft:iron_helmet":7,"minecraft:granite":20,"minecraft:bread":1,"minecraft:oak_sapling":2,"minecraft:coal":138,"minecraft:diamond_pickaxe":4},"minecraft:custom":{"minecraft:mob_kills":30,"minecraft:interact_with_crafting_table":41,"minecraft:leave_game":1,"minecraft:time_since_death":11501,"minecraft:sprint_one_cm":208758,"minecraft:walk_one_cm":230212,"minecraft:damage_blocked_by_shield":3780,"minecraft:drop":47,"minecraft:play_time":88680,"minecraft:deaths":8,"minecraft:sneak_time":4243,"minecraft:walk_under_water_one_cm":14304,"minecraft:jump":1326,"minecraft:walk_on_water_one_cm":24615,"minecraft:total_world_time":88680,"minecraft:interact_with_furnace":54,"minecraft:sleep_in_bed":1,"minecraft:time_since_rest":91,"minecraft:damage_taken":3079,"minecraft:damage_dealt":4881,"minecraft:swim_one_cm":19443,"minecraft:fly_one_cm":163790,"minecraft:player_kills":1,"minecraft:open_chest":3,"minecraft:crouch_one_cm":13403,"minecraft:fall_one_cm":27018},"minecraft:dropped":{"minecraft:iron_ingot":1,"minecraft:iron_sword":2,"minecraft:wheat_seeds":1,"minecraft:crafting_table":1,"minecraft:iron_helmet":1,"minecraft:cobblestone":8,"minecraft:granite":6,"minecraft:coal":64,"minecraft:torch":6,"minecraft:iron_leggings":1,"minecraft:iron_axe":2,"minecraft:iron_pickaxe":3,"minecraft:white_wool":4,"minecraft:bucket":2,"minecraft:gravel":1,"minecraft:stone_axe":2,"minecraft:stone_sword":3,"minecraft:raw_copper":6,"minecraft:raw_iron":30,"minecraft:stone_shovel":1,"minecraft:rotten_flesh":6,"minecraft:iron_boots":1,"minecraft:cooked_mutton":1,"minecraft:shield":2,"minecraft:iron_chestplate":1,"minecraft:andesite":7,"minecraft:oak_sapling":2,"minecraft:spider_eye":2,"minecraft:stone_pickaxe":3},"minecraft:killed_by":{"minecraft:creeper":2,"minecraft:skeleton":2,"minecraft:witch":1,"minecraft:zombie":1},"minecraft:crafted":{"minecraft:oak_planks":40,"minecraft:cooked_chicken":2,"minecraft:furnace":2,"minecraft:cooked_mutton":4,"minecraft:iron_boots":2,"minecraft:iron_axe":2,"minecraft:stone_pickaxe":2,"minecraft:crafting_table":2,"minecraft:wooden_pickaxe":1,"minecraft:iron_helmet":2,"minecraft:iron_sword":2,"minecraft:bucket":6,"minecraft:stone_axe":1,"minecraft:air":0,"minecraft:iron_chestplate":2,"minecraft:diamond_pickaxe":1,"minecraft:shield":2,"minecraft:stick":24,"minecraft:iron_pickaxe":4,"minecraft:iron_ingot":89,"minecraft:stone_sword":1,"minecraft:iron_shovel":1,"minecraft:iron_leggings":2,"minecraft:torch":4},"minecraft:broken":{"minecraft:stone_pickaxe":1,"minecraft:shield":1,"minecraft:iron_pickaxe":1},"minecraft:killed":{"minecraft:spider":1,"minecraft:skeleton":6,"minecraft:chicken":3,"minecraft:zombie":16,"minecraft:enderman":1}},"DataVersion":3700}